date,CUSR0000SAS,DPCERA3M086SBEA,IPCONGD
1960-01-01,,,
1960-02-01,,,
1960-03-01,,,
1960-04-01,,,
1960-05-01,,,
1960-06-01,,,
1960-07-01,,,
1960-08-01,,,
1960-09-01,,,
1960-10-01,,,
1960-11-01,,,
1960-12-01,,,
1961-01-01,0.029535864978902815,0.010525729561149388,-0.03872395026768716
1961-02-01,0.025210084033613356,0.009870245092602925,-0.02189142901472152
1961-03-01,0.02092050209205021,0.008146973590682727,-0.023016629909995867
1961-04-01,0.025104602510460206,-0.006730562136549656,-0.0068549914756582675
1961-05-01,0.02083333333333326,0.01983734476316079,-0.0011360057918637922
1961-06-01,0.02083333333333326,0.022534901615917313,0.017163007082110937
1961-07-01,0.016597510373443924,0.017387965553178564,0.03579748849366449
1961-08-01,0.020746887966804906,0.02207214626914822,0.040321762533044536
1961-09-01,0.016528925619834878,0.022841530054644732,0.027778027571198516
1961-10-01,0.02066115702479343,0.02430801022350315,0.044674324500717955
1961-11-01,0.016460905349794164,0.037817189631650816,0.08284830133028698
1961-12-01,0.020576131687242816,0.0580110497237567,0.09283329630632808
1962-01-01,0.016393442622950838,0.05571782860292096,0.09359992880967938
1962-02-01,0.016393442622950838,0.05133977597188655,0.09422940237998634
1962-03-01,0.020491803278688492,0.047076689445709974,0.10247485639853937
1962-04-01,0.01632653061224487,0.05019786415135252,0.08630565655361488
1962-05-01,0.020408163265306145,0.051834689369039344,0.07963441474833588
1962-06-01,0.020408163265306145,0.04402279079767779,0.060743688494502734
1962-07-01,0.02448979591836742,0.050625404356264836,0.06912063196006368
1962-08-01,0.020325203252032464,0.04969110932044063,0.04983250542062945
1962-09-01,0.020325203252032464,0.05566834063468318,0.07432424549983097
1962-10-01,0.01619433198380582,0.043852197918878844,0.04386002277483869
1962-11-01,0.020242914979757165,0.04753391523819528,0.03232855456420358
1962-12-01,0.016129032258064502,0.04621409921671016,0.03440891356835141
1963-01-01,0.02016129032258074,0.04552098559198159,0.05525407559134643
1963-02-01,0.02016129032258074,0.04209536742048359,0.06028039597777579
1963-03-01,0.016064257028112428,0.038796229151559114,0.05662267231122553
1963-04-01,0.02008032128514059,0.03892014659577758,0.051906863942013715
1963-05-01,0.016000000000000014,0.031760667998565584,0.04847323765313338
1963-06-01,0.020000000000000018,0.04695464140452055,0.06150563149351984
1963-07-01,0.015936254980079667,0.04890439780366407,0.0406653145769138
1963-08-01,0.019920318725099584,0.049744114636642855,0.06118133661892178
1963-09-01,0.019920318725099584,0.036133603238866385,0.057652839613421714
1963-10-01,0.019920318725099584,0.040687620791374224,0.06722743941586762
1963-11-01,0.01984126984126977,0.03473546832647334,0.06158608291318046
1963-12-01,0.023809523809523947,0.041177938607436904,0.06340843561296428
1964-01-01,0.01976284584980248,0.04493708807669283,0.06057721454363696
1964-02-01,0.01976284584980248,0.056232145542023826,0.04670154865511522
1964-03-01,0.01976284584980248,0.05454998753428075,0.037412863928940165
1964-04-01,0.019685039370078705,0.05266557360759183,0.05941541759798019
1964-05-01,0.019685039370078705,0.0664813067871508,0.06532688168124712
1964-06-01,0.019607843137254832,0.06235554462748949,0.05694319393130298
1964-07-01,0.019607843137254832,0.06467710371819946,0.07515005877788705
1964-08-01,0.015625,0.06732644305772228,0.06461262801270728
1964-09-01,0.015625,0.06481391032529049,0.04955376966455094
1964-10-01,0.01953125,0.07242693773824649,0.021651797094060843
1964-11-01,0.01945525291828787,0.054817114582322635,0.05899624636477996
1964-12-01,0.015503875968992276,0.052492809204218505,0.07429329471749524
1965-01-01,0.019379844961240345,0.05652714067278297,0.07938044045088044
1965-02-01,0.02325581395348819,0.06590747330960856,0.08438250454668772
1965-03-01,0.02325581395348819,0.06544044635680168,0.0994141270846951
1965-04-01,0.02316602316602312,0.07108132345306095,0.06939192516001969
1965-05-01,0.02316602316602312,0.055493482309124875,0.06792510915270156
1965-06-01,0.019230769230769162,0.040735083090311486,0.07277787705285221
1965-07-01,0.023076923076923217,0.046089513831449214,0.057783098564353264
1965-08-01,0.023076923076923217,0.04745809162746073,0.05882438288323155
1965-09-01,0.026923076923076827,0.06949222512728781,0.08687390407994067
1965-10-01,0.026819923371647514,0.0773332118118848,0.11464492981431862
1965-11-01,0.026717557251908275,0.08682855040470949,0.0798503317277981
1965-12-01,0.026717557251908275,0.07856980186745632,0.06460263745793537
1966-01-01,0.026615969581748944,0.07778933562480206,0.05470749734046265
1966-02-01,0.022727272727272707,0.06797542735042739,0.05456306001612288
1966-03-01,0.026515151515151603,0.07300403852127979,0.053193125853815415
1966-04-01,0.030188679245283012,0.06601154541047882,0.05955518926671388
1966-05-01,0.03396226415094339,0.0570306986591389,0.05300281406575302
1966-06-01,0.037735849056603765,0.06876306542721156,0.054626604114565325
1966-07-01,0.041353383458646586,0.06466066329892373,0.05286276263668044
1966-08-01,0.041353383458646586,0.05856445142159439,0.050264695269285786
1966-09-01,0.04494382022471899,0.05069480185280506,0.038229086507090004
1966-10-01,0.04477611940298498,0.03172454633898725,0.05444965002249602
1966-11-01,0.048327137546468446,0.03427555856465814,0.04385392565342183
1966-12-01,0.048327137546468446,0.03382601351351355,0.03504278801669902
1967-01-01,0.04814814814814827,0.032143007007679136,0.039101125575065065
1967-02-01,0.051851851851851816,0.021466383227043417,0.02251349843378625
1967-03-01,0.05166051660516602,0.018860120770948674,0.01802652203011479
1967-04-01,0.04761904761904767,0.027944276797156054,0.03192781424291202
1967-05-01,0.04379562043795637,0.037596494888378906,0.011997644794104145
1967-06-01,0.047272727272727355,0.0409089017437263,0.010789981565942908
1967-07-01,0.03971119133574019,0.02830383298262995,0.01100961173780668
1967-08-01,0.04332129963898912,0.02978372811534502,0.024254627928266936
1967-09-01,0.03942652329749108,0.028900318393338065,0.022836225878599903
1967-10-01,0.04285714285714293,0.023738264113812413,0.015303523058242119
1967-11-01,0.03546099290780136,0.02855740119466499,0.04200942075980474
1967-12-01,0.042553191489361764,0.04064376455210161,0.06165190667952669
1968-01-01,0.042402826855123754,0.04236288978330682,0.037977339488040274
1968-02-01,0.04225352112676073,0.04725373377948272,0.05775241843488654
1968-03-01,0.04561403508771922,0.05930827311845421,0.06062974590027026
1968-04-01,0.045454545454545414,0.04548196404873939,0.04107362428203265
1968-05-01,0.04895104895104896,0.05272259309901073,0.06725936549307732
1968-06-01,0.04861111111111116,0.05553334399488241,0.07061379568684112
1968-07-01,0.05555555555555558,0.06917305300324994,0.06960417582182021
1968-08-01,0.05882352941176472,0.06888551084086725,0.07197282522159121
1968-09-01,0.05862068965517242,0.05859715940649046,0.07411966869582343
1968-10-01,0.05821917808219168,0.07036443732478981,0.06661829860101998
1968-11-01,0.06164383561643838,0.06897374701670644,0.0580230282284151
1968-12-01,0.061224489795918435,0.05232375569163139,0.03523219203055472
1969-01-01,0.06440677966101682,0.05409727368462103,0.0549174788107476
1969-02-01,0.06418918918918903,0.05977244389027425,0.05791376403923887
1969-03-01,0.06711409395973145,0.03770837325158083,0.059023410290836686
1969-04-01,0.07023411371237454,0.045811216247403586,0.045144197710633716
1969-05-01,0.07333333333333347,0.04561256064484076,0.031818099523844845
1969-06-01,0.06953642384105962,0.03276391045793714,0.03734774993802037
1969-07-01,0.06907894736842102,0.021878635493676635,0.058012085015983095
1969-08-01,0.06862745098039214,0.02844311377245523,0.043649960588284076
1969-09-01,0.07491856677524433,0.03118090169771026,0.03163528191046572
1969-10-01,0.07119741100323629,0.0347962734313616,0.025591064396174312
1969-11-01,0.07419354838709658,0.027945225868869494,0.003599175672668542
1969-12-01,0.07371794871794868,0.029542317878324287,0.010569923585990626
1970-01-01,0.07643312101910826,0.027344039073484927,-0.011644269126621865
1970-02-01,0.0793650793650793,0.025332745054783334,-0.010004127590543144
1970-03-01,0.08176100628930816,0.024594704383470667,-0.01806001193451645
1970-04-01,0.08125000000000004,0.02122181764684239,0.0006966186902794824
1970-05-01,0.08074534161490665,0.021409521025903322,0.01369598614999501
1970-06-01,0.08359133126934992,0.028790434973960277,0.00463915936196635
1970-07-01,0.08307692307692327,0.02993022401762757,-0.010246045261417147
1970-08-01,0.08256880733944949,0.024854439592430833,-0.025343191021811595
1970-09-01,0.07878787878787885,0.028602580410685086,-0.02163217463301026
1970-10-01,0.08157099697885184,0.01710236106591445,-0.03408104833006498
1970-11-01,0.08108108108108114,0.011583710407239822,-0.03211445208186714
1970-12-01,0.08059701492537319,0.021883265099090554,0.008229628588428017
1971-01-01,0.07692307692307687,0.029785701422654354,0.0407455060679589
1971-02-01,0.07352941176470584,0.027216982823537794,0.02999375574490859
1971-03-01,0.061046511627907085,0.03297891511984141,0.03417298313193129
1971-04-01,0.05780346820809257,0.03839227832601022,0.03843431784693574
1971-05-01,0.054597701149425415,0.030546911328110937,0.033722538172012984
1971-06-01,0.05714285714285716,0.03539980749349403,0.03879321094827626
1971-07-01,0.05397727272727271,0.031164200392226782,0.052342383378436885
1971-08-01,0.053672316384180796,0.03273798956077134,0.05830677302472109
1971-09-01,0.050561797752809,0.03791251501660664,0.07213802969952599
1971-10-01,0.04748603351955305,0.04678279416992548,0.10017551740036379
1971-11-01,0.04444444444444451,0.05904455179817503,0.1163810362378459
1971-12-01,0.04143646408839774,0.056089345860663054,0.07747456633378969
1972-01-01,0.041208791208791284,0.041899832120873004,0.07745009304924921
1972-02-01,0.041095890410958846,0.04244920756824677,0.08482493349223663
1972-03-01,0.043835616438356206,0.05889741800418702,0.08133001162098674
1972-04-01,0.04371584699453557,0.05563263041065469,0.08504370430786312
1972-05-01,0.04359673024523136,0.06171254034917206,0.07936809164196834
1972-06-01,0.037837837837837895,0.05660377358490565,0.07187629277229468
1972-07-01,0.037735849056603765,0.0689857878903144,0.0634008122200378
1972-08-01,0.034852546916890104,0.06859205776173272,0.08737981963286345
1972-09-01,0.03475935828877019,0.05984680851063828,0.08340078167155207
1972-10-01,0.03466666666666662,0.07474699449840383,0.08426620718432787
1972-11-01,0.034574468085106336,0.07352593343470182,0.08330314715449916
1972-12-01,0.0344827586206895,0.07073555577936674,0.08494214653375498
1973-01-01,0.0316622691292876,0.08106747230614308,0.06714821367134749
1973-02-01,0.03157894736842115,0.08505793315919918,0.07370247919541129
1973-03-01,0.034120734908136496,0.06909845788849345,0.07698037077805053
1973-04-01,0.03403141361256545,0.06183466947036398,0.05365993464770158
1973-05-01,0.03394255874673635,0.0587466082578707,0.06457039828179978
1973-06-01,0.03645833333333326,0.05269160583941601,0.057068424562062514
1973-07-01,0.036363636363636376,0.05330918030665699,0.04654599187292208
1973-08-01,0.041450777202072464,0.034684684684684886,0.025742148771516593
1973-09-01,0.046511627906976605,0.04808402659557398,0.03585279959079224
1973-10-01,0.05670103092783507,0.023983315954118956,0.025605509928853243
1973-11-01,0.06169665809768632,0.021843819835699385,0.021637470247654722
1973-12-01,0.0641025641025641,0.009249388599736674,-0.004861895060830901
1974-01-01,0.06905370843989767,-0.001055736686849884,-0.016118210026053514
1974-02-01,0.0714285714285714,-0.012869575952101808,-0.03142265081740925
1974-03-01,0.07614213197969533,-0.01263676991832341,-0.03223835555046861
1974-04-01,0.07848101265822782,-0.005445881552076037,-0.025379710239349818
1974-05-01,0.08838383838383845,-0.004631630951645982,-0.021672533443868325
1974-06-01,0.09296482412060314,-0.004519424237734104,-0.011960626751185477
1974-07-01,0.10275689223057638,-0.009121061359867233,-0.00978546495666155
1974-08-01,0.10696517412935314,0.010852664966726655,-0.0019298364257449574
1974-09-01,0.11111111111111116,-0.013760343242415152,-0.02560154119296254
1974-10-01,0.10731707317073158,-0.009689563661050449,-0.029527313897537488
1974-11-01,0.10895883777239712,-0.021931310642230195,-0.05992122289921009
1974-12-01,0.11325301204819294,-0.015471123675789955,-0.07431078043967554
1975-01-01,0.1124401913875599,-0.006869540890864445,-0.08349814287781587
1975-02-01,0.1166666666666667,0.007597311239643689,-0.0927969934348204
1975-03-01,0.10849056603773599,0.00387076634930561,-0.09205938842515393
1975-04-01,0.11032863849765251,0.0016800448011944358,-0.06989285947059776
1975-05-01,0.10208816705336421,0.018705794763618444,-0.07450634457487959
1975-06-01,0.09885057471264358,0.022637519823377694,-0.06480141873221434
1975-07-01,0.09090909090909083,0.023399969006663746,-0.04053701686635636
1975-08-01,0.08539325842696632,0.01836527517150155,-0.03396303745337548
1975-09-01,0.0822222222222222,0.031322830241447,-0.011319194620131867
1975-10-01,0.07929515418502198,0.034089492708463176,-0.010044681918405907
1975-11-01,0.08296943231441056,0.05306585204547609,0.02225991568707486
1975-12-01,0.08008658008657998,0.06519201034994149,0.0670265630486675
1976-01-01,0.08602150537634401,0.0670422535211268,0.10457713248638845
1976-02-01,0.08315565031982941,0.05696909519672322,0.12488226983753226
1976-03-01,0.08723404255319145,0.0644920551012158,0.1203568820704004
1976-04-01,0.08456659619450324,0.07087836998384911,0.09947516040758186
1976-05-01,0.08210526315789468,0.042358171686104784,0.10260211481064885
1976-06-01,0.08158995815899583,0.052756408307233826,0.08480421383891867
1976-07-01,0.0854166666666667,0.05154451847365227,0.06411502347014064
1976-08-01,0.08488612836438936,0.050718946350894134,0.060429596885114734
1976-09-01,0.08418891170431198,0.05194492151013885,0.046226790495653036
1976-10-01,0.08367346938775522,0.05366720906406308,0.05204447197942064
1976-11-01,0.0766129032258065,0.05176745020635187,0.06711909335704513
1976-12-01,0.07615230460921851,0.05566252925319204,0.06857195093574453
1977-01-01,0.07128712871287135,0.04226798075794913,0.05197643200541546
1977-02-01,0.07086614173228356,0.04893729450446216,0.06158095449907108
1977-03-01,0.07240704500978468,0.04446002395349535,0.06446684298007876
1977-04-01,0.07602339181286566,0.0384883113869714,0.0697058737012064
1977-05-01,0.0778210116731517,0.0489044697633656,0.061697379389983986
1977-06-01,0.07930367504835578,0.036652995205360694,0.07227356175677158
1977-07-01,0.08061420345489445,0.04204826910892234,0.06786367780270641
1977-08-01,0.08015267175572527,0.03961705430813911,0.06784949150792419
1977-09-01,0.07765151515151514,0.03898261392604496,0.06867614731535632
1977-10-01,0.07721280602636527,0.046043412360225355,0.06919920756081699
1977-11-01,0.0786516853932584,0.04637606983422904,0.051824460617151624
1977-12-01,0.0782122905027931,0.03471208889886612,0.04969226198716159
1978-01-01,0.07763401109057289,0.026623139053837175,0.026278551079568224
1978-02-01,0.07904411764705888,0.035823234726148234,0.02884646489853826
1978-03-01,0.07846715328467169,0.04544818906446646,0.04827528914405965
1978-04-01,0.07971014492753614,0.050300237397011616,0.04763905354371145
1978-05-01,0.08303249097472931,0.0515541443850267,0.041719178448400784
1978-06-01,0.08422939068100366,0.05538993062327613,0.039698823957598606
1978-07-01,0.08348134991119016,0.041926924990326464,0.03210088460211069
1978-08-01,0.08657243816254412,0.05193440446890296,0.028490928043750863
1978-09-01,0.0913884007029877,0.04697579533550211,0.02835146771627417
1978-10-01,0.09440559440559437,0.040052492003171514,0.01908406657796413
1978-11-01,0.09548611111111116,0.03750000000000009,0.020953223699354595
1978-12-01,0.0932642487046631,0.041683616738535045,0.01408281656331245
1979-01-01,0.09433962264150941,0.049151566654787704,0.03931935332173664
1979-02-01,0.09710391822827935,0.03912350382318763,0.015083389854870566
1979-03-01,0.09813874788494092,0.02985553772070615,-0.0010155532270230694
1979-04-01,0.09899328859060397,0.017896080412700188,-0.02647024940539644
1979-05-01,0.10333333333333328,0.016739504701364094,-0.013645195586024839
1979-06-01,0.10413223140495864,0.016024710261622443,-0.022840081506083076
1979-07-01,0.1081967213114754,0.019867901005331756,-0.024785764464840154
1979-08-01,0.11382113821138207,0.021688267304608377,-0.03404579098663474
1979-09-01,0.11433172302737526,0.025857075148770337,-0.030650897119100295
1979-10-01,0.11980830670926501,0.020635087534829788,-0.02581142605375253
1979-11-01,0.12678288431061802,0.0195390256678889,-0.031483151594654535
1979-12-01,0.13744075829383884,0.01038791981254894,-0.03284339296490624
1980-01-01,0.14576802507836994,0.02220944816053505,-0.034071490386093806
1980-02-01,0.15062111801242217,0.00873657661405658,-0.024317032985673226
1980-03-01,0.16178736517719572,-0.00044160432252704496,-0.035762659576030864
1980-04-01,0.16946564885496174,-0.007575955484730668,-0.03246409895760771
1980-05-01,0.17220543806646504,-0.015187433245629989,-0.06002497695578479
1980-06-01,0.1826347305389222,-0.013121654627656687,-0.06164189308200507
1980-07-01,0.16124260355029585,-0.003641281731169399,-0.05436105049605744
1980-08-01,0.14598540145985406,-0.013148414985590717,-0.04036580896609088
1980-09-01,0.14161849710982644,-0.015374743326488804,-0.036110220210467614
1980-10-01,0.14122681883024257,0.00030906328070678946,-0.03248784532469007
1980-11-01,0.14064697609001398,-0.005009505215023413,-0.025519705893023326
1980-12-01,0.1416666666666666,0.005076142131979822,-0.025620493977869585
1981-01-01,0.1354309165526677,-0.002709472930831791,-0.022372504165093954
1981-02-01,0.12955465587044546,0.003170511663874054,-0.026862693223477785
1981-03-01,0.11936339522546424,0.014371475350190899,-0.02001627140954898
1981-04-01,0.11357702349869458,0.023770038695412055,-0.0018067085084051415
1981-05-01,0.11340206185567037,0.029256163368955423,0.03014333028599614
1981-06-01,0.10759493670886067,0.0314104420631367,0.028808312574168493
1981-07-01,0.132484076433121,0.020491803278688714,0.03595124650920156
1981-08-01,0.1452229299363057,0.025760696686047968,0.032066376575508704
1981-09-01,0.15443037974683538,0.018795130471051413,0.014896372040462236
1981-10-01,0.14625,0.0009011560544813779,0.012562034981107084
1981-11-01,0.1405672009864365,0.0017815186801268812,0.006477973957800032
1981-12-01,0.13138686131386867,0.000820386607188528,-0.004141509053639636
1982-01-01,0.12650602409638556,-0.0012046339963091013,-0.022405336715817015
1982-02-01,0.12186379928315416,0.010406495708926489,0.007094853861856265
1982-03-01,0.11374407582938373,0.006328141012502675,0.002103453207882744
1982-04-01,0.11254396248534593,0.010542013781754456,-0.0010686163357160883
1982-05-01,0.10763888888888884,0.013132870727319501,-0.01052657438001292
1982-06-01,0.10285714285714276,0.0008423954663807631,0.003274845844130958
1982-07-01,0.0911136107986501,0.008773949300386219,-0.0015013770298524243
1982-08-01,0.08565072302558385,0.003151928014031302,-0.004010428341998051
1982-09-01,0.07017543859649122,0.01888337341998869,0.0027790407437993103
1982-10-01,0.06761177753544168,0.02883675464320623,-0.0020220455283401773
1982-11-01,0.05621621621621631,0.039097938144329936,-0.0022887633280005426
1982-12-01,0.041935483870967794,0.03714329627542412,-0.0049434577423889126
1983-01-01,0.04278074866310155,0.04005748158792888,0.035470352546308925
1983-02-01,0.04259850905218321,0.030414769981944367,-0.00579385536648902
1983-03-01,0.04361702127659561,0.04243998065123833,0.003988637580071286
1983-04-01,0.04004214963119068,0.04821637575695892,0.024855993913705188
1983-05-01,0.03343782654127492,0.05124172395423776,0.027992949004419287
1983-06-01,0.02797927461139893,0.06718188078659426,0.02447963061710734
1983-07-01,0.02680412371134011,0.0681864286438787,0.03539537286447003
1983-08-01,0.02254098360655732,0.07021411377169628,0.04746643234827119
1983-09-01,0.026639344262295195,0.06353591160221006,0.061092836003658224
1983-10-01,0.02860061287027582,0.06735841980247548,0.05474748004311336
1983-11-01,0.03684749232343898,0.0612148721383039,0.05841007079774507
1983-12-01,0.0485036119711042,0.06834123690970162,0.07356107453120697
1984-01-01,0.047179487179487056,0.07401924500370094,0.07202008566123985
1984-02-01,0.0480081716036771,0.06011994373010188,0.08344543278144712
1984-03-01,0.04994903160040787,0.05780784447809317,0.08309176205899083
1984-04-01,0.04863221884498481,0.05857222613297086,0.06464680742759565
1984-05-01,0.05055611729019205,0.058275620762047176,0.05702291966043149
1984-06-01,0.05040322580645151,0.05520900552090069,0.052898081985709
1984-07-01,0.05321285140562271,0.04391691394658759,0.03928897045939839
1984-08-01,0.05611222444889785,0.0452931148783029,0.02507354878208501
1984-09-01,0.05688622754491024,0.05001180637544289,0.00871900784405466
1984-10-01,0.055610724925521327,0.03822998899013785,0.02380750495593742
1984-11-01,0.05330700888450157,0.050835573214911944,0.025168284808537722
1984-12-01,0.05413385826771644,0.04101259969945681,0.028578924355050273
1985-01-01,0.05190989226248788,0.043716976797610885,0.002552088468589675
1985-02-01,0.051656920077972845,0.06162262833197518,0.010442518176311477
1985-03-01,0.05242718446601957,0.05183201348324973,0.005815172807361657
1985-04-01,0.05024154589371976,0.04748910800275152,-0.0020818184534777684
1985-05-01,0.052935514918190485,0.05358445822692448,0.003213069338036334
1985-06-01,0.05374280230326289,0.04097302439355843,0.006852270421794815
1985-07-01,0.05147759771210669,0.05280272882319492,0.003700502211014367
1985-08-01,0.050284629981024676,0.059208589096015674,0.013293267367103123
1985-09-01,0.048158640226628746,0.0660474948277412,0.021797140205983556
1985-10-01,0.04891815616180617,0.05295458134969877,0.011414895910828227
1985-11-01,0.05060918462980313,0.040725088967971335,0.014076185377965622
1985-12-01,0.050420168067226934,0.05063403584356729,0.018961100058381142
1986-01-01,0.05307262569832383,0.04234807298659571,0.03680703529763907
1986-02-01,0.051899907321594,0.03591947721591171,0.02224376444710896
1986-03-01,0.0525830258302582,0.040453926862461076,0.01930777403152617
1986-04-01,0.054277828886844404,0.044044569952496726,0.031596148800492774
1986-05-01,0.04936014625228502,0.03839328225771532,0.035519526273460444
1986-06-01,0.051912568306010876,0.0416231505657092,0.03221183181734322
1986-07-01,0.04895738893925672,0.04084497915631702,0.04177538630168187
1986-08-01,0.04878048780487787,0.03539122810769202,0.03607088357937438
1986-09-01,0.04954954954954949,0.04377175403438449,0.03269765526732904
1986-10-01,0.04843049327354265,0.04448444330162005,0.03798494155782728
1986-11-01,0.04549509366636939,0.038276591652240954,0.03924445336728999
1986-12-01,0.04444444444444451,0.04958887315310001,0.040031206151116105
1987-01-01,0.04244031830238737,0.022235361192643133,0.016765897427790222
1987-02-01,0.04229074889867834,0.04422099915325983,0.03924240869779805
1987-03-01,0.039439088518843146,0.04194004345899871,0.045394391696226055
1987-04-01,0.04013961605584648,0.04044618707147807,0.0369094583424332
1987-05-01,0.04181184668989535,0.034868695289704155,0.03918797802789964
1987-06-01,0.03896103896103886,0.041505650366594926,0.04208768095022064
1987-07-01,0.039757994814174635,0.03971943222378993,0.042753763790545074
1987-08-01,0.04134366925064614,0.04271138832665544,0.048936388438737044
1987-09-01,0.04206008583691001,0.015541632983023579,0.044358450581141184
1987-10-01,0.041916167664670656,0.03023961923518792,0.05820226002840001
1987-11-01,0.04266211604095571,0.03488946523403724,0.05159868797890388
1987-12-01,0.04340425531914893,0.020259792568724233,0.043285308373725684
1988-01-01,0.043256997455470625,0.055484404048750324,0.05875815447017074
1988-02-01,0.04395604395604402,0.03677350037503291,0.04969243227306608
1988-03-01,0.044688026981450246,0.044503836886756076,0.04575937723798451
1988-04-01,0.043624161073825496,0.035347225021159945,0.05559702885297302
1988-05-01,0.04347826086956519,0.04140736712786741,0.04198678264918465
1988-06-01,0.04500000000000015,0.040473325310870445,0.039065993865637694
1988-07-01,0.0457190357439734,0.03794259710191228,0.031487385520965416
1988-08-01,0.04549214226633591,0.03476211226874781,0.033132164913776574
1988-09-01,0.045304777594728174,0.03675695038707216,0.029819386589055474
1988-10-01,0.046798029556650356,0.04587996335975131,0.02011688900942543
1988-11-01,0.04664484451718498,0.04727807943990303,0.02158070056665573
1988-12-01,0.04730831973898875,0.04500503345768947,0.02450890551325413
1989-01-01,0.047967479674796865,0.03796774698606553,0.02143703612894643
1989-02-01,0.04777327935222675,0.03482392507283505,0.016634894006405387
1989-03-01,0.04923325262308298,0.025258301510070247,0.02013721821259895
1989-04-01,0.04903536977491951,0.03558081594518847,0.009789683451747466
1989-05-01,0.05048076923076916,0.02771277727281518,0.005960262378494008
1989-06-01,0.0494417862838914,0.026369559350784666,0.0062071662362659374
1989-07-01,0.05166931637519889,0.026940753418072116,-0.015463184104883232
1989-08-01,0.05063291139240511,0.032082081124021444,-0.004844579724190834
1989-09-01,0.048857368006304025,0.033015970515970716,-0.0023741660265728104
1989-10-01,0.04862745098039212,0.02395186778873626,-0.007708648857058464
1989-11-01,0.05003909304143872,0.02187867968245505,-0.005633618619109493
1989-12-01,0.050623052959501535,0.024763415878052975,0.00504647409835246
1990-01-01,0.05042668735453848,0.028037559393619516,-0.016721446333221146
1990-02-01,0.051004636785162205,0.024998110498072768,-0.004751671710864547
1990-03-01,0.05230769230769239,0.02911703535640009,-0.00018841321138474143
1990-04-01,0.05287356321839076,0.024998120442071947,-0.0021035359914758356
1990-05-01,0.051868802440884876,0.02546008806593636,0.00620636739473901
1990-06-01,0.05471124620060808,0.026706231454005858,0.016600065360549143
1990-07-01,0.05517762660619785,0.025747135046064074,0.03105854542263886
1990-08-01,0.05873493975903599,0.016302835840273033,0.016703166272082015
1990-09-01,0.06010518407212628,0.017727070016352098,0.027259711749546556
1990-10-01,0.059087509349289524,0.01273707698029014,0.011036955770910684
1990-11-01,0.0588235294117645,0.011299855034754502,-0.004326294410594622
1990-12-01,0.05782060785767218,-0.0006635700066357497,-0.02740215383543021
1991-01-01,0.06129985228951251,-0.014599343396364928,-0.001575341769061822
1991-02-01,0.061764705882352944,-0.003465629435729256,-0.02311060532979603
1991-03-01,0.05774853801169577,0.004868638618408916,-0.028725325386039002
1991-04-01,0.05458515283842802,-0.00036674368283995396,-0.024364475814739328
1991-05-01,0.054387237128353805,0.0028809982567208348,-0.006905547263993617
1991-06-01,0.05115273775216145,-0.00010975342064822868,-0.005389216354322879
1991-07-01,0.04942693409742116,0.002738275616568364,0.0004542849204938193
1991-08-01,0.04480796586059754,0.0008942258559019312,-0.002851209518998754
1991-09-01,0.04606661941885193,0.001844075223662589,0.004811724552307828
1991-10-01,0.04519774011299438,0.003396676764894746,0.0162403231235273
1991-11-01,0.044303797468354444,0.009096923585841798,0.02920649033118461
1991-12-01,0.04555010511562729,0.01451601003393832,0.023979093639659554
1992-01-01,0.04105775922059851,0.03867701528095746,0.009198262479672259
1992-02-01,0.03808864265927969,0.03346343809541441,0.029331553793159326
1992-03-01,0.03939184519695926,0.023311088764969456,0.038036034137604036
1992-04-01,0.04140786749482395,0.027570899218549272,0.04748337471723851
1992-05-01,0.040577716643741546,0.030264217229012624,0.036532108145244546
1992-06-01,0.039753255654557895,0.03285646335662795,0.019211546644936295
1992-07-01,0.03890784982935136,0.03127673906315409,0.03500408420594403
1992-08-01,0.03880190605854317,0.035408879569696516,0.03532675655020334
1992-09-01,0.03590785907859084,0.04166135116910552,0.01601940131602464
1992-10-01,0.03851351351351351,0.04940530649588304,0.03203449507451572
1992-11-01,0.039057239057239235,0.046240142781693416,0.03262168032382262
1992-12-01,0.03686327077747986,0.051324473210552224,0.04605149688923982
1993-01-01,0.038101604278075074,0.03472807096138353,0.062068443367655934
1993-02-01,0.03802535023348885,0.035476480274933664,0.05262816020666028
1993-03-01,0.037234042553191404,0.030802215472574668,0.04360139825515197
1993-04-01,0.03843605036447961,0.03686380920077825,0.0348581393295464
1993-05-01,0.039656311962987356,0.03512947110432285,0.020506828502188768
1993-06-01,0.040210942649967274,0.03609763009670908,0.02752909140774995
1993-07-01,0.03876478318002641,0.037724857450526894,0.022376009784821127
1993-08-01,0.03931847968545221,0.03620546956169557,0.020715892533966773
1993-09-01,0.039895356442118945,0.035411235719159606,0.028340970206486737
1993-10-01,0.03708523096942096,0.03353095030514397,0.019760980983857923
1993-11-01,0.036292935839274065,0.0346574293273918,0.019172899083840678
1993-12-01,0.03749191984486111,0.03150831805762122,0.02167094995895935
1994-01-01,0.03541532517707657,0.035813864884055135,0.022608677055561133
1994-02-01,0.037275064267352276,0.0421953327571305,0.023293760798982266
1994-03-01,0.03846153846153855,0.04513467604950261,0.03147832729205002
1994-04-01,0.03509891512444163,0.042543300850521604,0.03344579101357681
1994-05-01,0.0324221233312143,0.03707707089424206,0.04705449735070699
1994-06-01,0.03168567807351086,0.03948987964989059,0.052429637043921895
1994-07-01,0.03162555344718543,0.03371665759390319,0.038938762385952286
1994-08-01,0.032786885245901676,0.03947793280424161,0.05370181649462813
1994-09-01,0.03207547169811309,0.03509572328956945,0.04473659678060771
1994-10-01,0.0319949811794229,0.03991699424695905,0.049848399801780685
1994-11-01,0.031894934333958735,0.0377698144316021,0.04940917944129719
1994-12-01,0.02928348909657319,0.036883047210300335,0.05475663393407393
1995-01-01,0.03233830845771135,0.03400712243567239,0.04603826898432328
1995-02-01,0.03159851301115246,0.023867575591713486,0.04621008209430344
1995-03-01,0.031481481481481444,0.029155195860559147,0.03698137247348576
1995-04-01,0.03390875462392118,0.023153270688487826,0.029000214425688897
1995-05-01,0.035098522167487545,0.032376540656795516,0.02688615885627499
1995-06-01,0.03501228501228493,0.034470282537907515,0.023997418536717996
1995-07-01,0.03556100551808705,0.03233716222887795,0.023452051926536432
1995-08-01,0.03357753357753368,0.030621587156263397,0.025755975916606832
1995-09-01,0.034125533211456505,0.03147344020372844,0.033588301868890724
1995-10-01,0.035258358662614064,0.021106766819708245,0.014175107826118083
1995-11-01,0.034545454545454435,0.028872965436742115,0.01658112953707147
1995-12-01,0.03450363196125927,0.03267688526710644,0.011842329926579964
1996-01-01,0.033132530120481896,0.02807017543859658,0.0022547488565203277
1996-02-01,0.033033033033033066,0.03789081483881418,0.01533451274070341
1996-03-01,0.03171753441053271,0.037433930643290036,0.009505570605919056
1996-04-01,0.030411449016100267,0.04296666935679139,0.02384141530753703
1996-05-01,0.03152885187388477,0.03684176789205451,0.021831656067859084
1996-06-01,0.03145400593471814,0.029808273186862078,0.0246999441628013
1996-07-01,0.03256364712847848,0.03478344040426573,0.024835791823611286
1996-08-01,0.033077377436503186,0.0332809847871951,0.006049263608379096
1996-09-01,0.033588685916323024,0.03217484885892441,0.01431795208043063
1996-10-01,0.03229594832648264,0.03929138862408643,0.01802901715552463
1996-11-01,0.03280609256004707,0.03326242810998181,0.02647916181197063
1996-12-01,0.03393797542422461,0.030797413455667,0.02570854084142815
1997-01-01,0.03381924198250741,0.04037369654456513,0.03488217458375442
1997-02-01,0.032558139534883734,0.034618926469899725,0.025116214074075494
1997-03-01,0.03248259860788849,0.032401870175057024,0.038757237529370325
1997-04-01,0.03240740740740744,0.028537381803550144,0.018965305191759096
1997-05-01,0.030565167243367775,0.02785119240815459,0.025033850085956377
1997-06-01,0.031070195627157515,0.03170878552572676,0.01705522716923813
1997-07-01,0.030389908256880593,0.0391601066042242,0.0323484200054891
1997-08-01,0.028587764436821095,0.041880958594961326,0.04469175230463285
1997-09-01,0.02850627137970352,0.04078566062037159,0.04190256815241056
1997-10-01,0.029010238907849706,0.04300368428294066,0.06386855778439338
1997-11-01,0.028927963698241577,0.044680980846651286,0.05386770208017899
1997-12-01,0.028296547821165863,0.04647912995929282,0.04815522654653415
1998-01-01,0.027072758037224975,0.040621031626050685,0.055395640310635486
1998-02-01,0.02646396396396411,0.04518231327409583,0.04821999855163228
1998-03-01,0.026966292134831482,0.04703227262468945,0.04170394292977697
1998-04-01,0.02746636771300448,0.05267751011871624,0.05887153282176616
1998-05-01,0.027979854504756485,0.05962137046449034,0.05489302650033756
1998-06-01,0.026785714285714413,0.06142359084855831,0.044733491767102285
1998-07-01,0.025598219254312937,0.05227188496034385,0.025556258446070235
1998-08-01,0.026681489716509077,0.050688867604803844,0.045509720750486427
1998-09-01,0.026053215077605163,0.05828017501731009,0.03040627875955204
1998-10-01,0.025428413488114865,0.05645941429953405,0.018439805866766523
1998-11-01,0.025358324145534628,0.055002481534464076,0.009334797854429144
1998-12-01,0.025866813428728763,0.0575795401764978,0.012994901921614899
1999-01-01,0.02471169686985175,0.05763056584586357,0.01872238873815646
1999-02-01,0.025233132199670827,0.05578649577090733,0.02433285311084621
1999-03-01,0.02516411378555805,0.05612794757942852,0.021266314681360532
1999-04-01,0.025095471903982425,0.05681655755981807,0.01353139841262796
1999-05-01,0.0239520958083832,0.054067094283930306,0.01884025928345312
1999-06-01,0.023369565217391308,0.05152531859704501,0.019895930230196646
1999-07-01,0.024959305480195315,0.05264789168932538,0.025360009672666273
1999-08-01,0.024905251759610225,0.05333426828413157,0.010029608472547524
1999-09-01,0.025391680172879516,0.050810886058328286,0.009133194510650089
1999-10-01,0.025336927223719607,0.04957129776075919,0.02504714462551272
1999-11-01,0.026344086021505397,0.05187204250491173,0.03128592626596349
1999-12-01,0.025751072961373245,0.055858254532478835,0.04192960285902858
2000-01-01,0.02893890675241151,0.05417433586989362,0.018009780779076
2000-02-01,0.029962546816479474,0.05907282595321739,0.02135851841272096
2000-03-01,0.030416221985058556,0.059226907220702785,0.0197867256179749
2000-04-01,0.02980308674827037,0.05261235917064533,0.029670421542730585
2000-05-01,0.031366294524189264,0.051697676297153716,0.02232399582953981
2000-06-01,0.03505045140732865,0.04952340094649488,0.03281238176032253
2000-07-01,0.03599788247750113,0.04847560159533182,0.032180602300798666
2000-08-01,0.036978341257263514,0.048383660861692546,0.014216181068838152
2000-09-01,0.03740779768177016,0.05177187520699489,0.032014487219265364
2000-10-01,0.039432176656151396,0.04881627473529759,0.001620228568307125
2000-11-01,0.037716081718176975,0.04463123002249314,0.005360043419182503
2000-12-01,0.03974895397489542,0.03700622619682048,-6.662945717272883e-05
2001-01-01,0.04479166666666656,0.0397545148932843,0.004635590533924594
2001-02-01,0.04519480519480523,0.030593277224143955,-0.009150764748725337
2001-03-01,0.04401864319005688,0.024675658317276916,-0.005791795573594438
2001-04-01,0.043927648578811374,0.02429748030889023,-0.010591088483967392
2001-05-01,0.04484536082474211,0.02484702629355584,-0.012383868070075299
2001-06-01,0.044125192406362146,0.02331225649869073,-0.012991795771592707
2001-07-01,0.04138988247317332,0.02475108501404133,-0.013756427298312834
2001-08-01,0.04126337238920019,0.02532320743694605,-0.006927709964286377
2001-09-01,0.03859827323514464,0.003955008627964496,-0.021697506863280758
2001-10-01,0.03591299949418314,0.0304622907844323,-0.006144182309546498
2001-11-01,0.037859666834931804,0.025851213861186606,-0.010561954631559844
2001-12-01,0.03672032193158947,0.02000501378791686,-0.010352396744016779
2002-01-01,0.030907278165503538,0.021429377044249964,0.00821460222237369
2002-02-01,0.03131212723658061,0.024950524812745956,0.00810720484707339
2002-03-01,0.03125,0.025610810946333773,0.016734444976039153
2002-04-01,0.03217821782178221,0.0317619609122155,0.012120063462786046
2002-05-01,0.031080414405525447,0.02339524600607068,0.015658552121251113
2002-06-01,0.028501228501228493,0.026188990138559465,0.025977882269284658
2002-07-01,0.029931305201177594,0.03081752388544956,0.031834022126456585
2002-08-01,0.03033268101761255,0.026468985334918704,0.022691471227884508
2002-09-01,0.032273838630806795,0.034902831620811314,0.029599547698502482
2002-10-01,0.03369140624999978,0.013025770232751421,0.022757115028083863
2002-11-01,0.0330739299610896,0.01955344977844331,0.0319112502391945
2002-12-01,0.033478893740902516,0.0274036570979157,0.016838588236212537
2003-01-01,0.03336557059961298,0.025617431631638876,0.0190849685829233
2003-02-01,0.032289156626506,0.018269583282414903,0.029620872662718956
2003-03-01,0.03415103415103404,0.02432346542156605,0.021074941589742435
2003-04-01,0.031654676258992875,0.023708206686930078,0.014095587057117998
2003-05-01,0.03349282296650724,0.03098911292291162,0.007750894074961989
2003-06-01,0.03296703296703285,0.03302598287271308,-0.0006559468387932199
2003-07-01,0.03287279656979525,0.03086292944062463,0.008648878005249605
2003-08-01,0.031339031339031376,0.03848056665017552,0.00701762452547694
2003-09-01,0.0317385125532923,0.040272036271503,0.014068648037937281
2003-10-01,0.03164855928200283,0.037717624900393654,0.008884396497212066
2003-11-01,0.029190207156308823,0.04071657316221633,0.0079795428523608
2003-12-01,0.028169014084507005,0.035296509819869426,0.018949277622367644
2004-01-01,0.028076743097800616,0.038806148693103726,0.009542919917385762
2004-02-01,0.027544351073762963,0.044284428442844304,0.010836897004627755
2004-03-01,0.026976744186046675,0.04423416543363068,0.001392932590561724
2004-04-01,0.029288702928870425,0.03847980997624689,0.01552635110760403
2004-05-01,0.027314814814814792,0.0406056516437594,0.02252500763591936
2004-06-01,0.030064754856614195,0.029744592159956618,0.0065666318313502
2004-07-01,0.02952029520295185,0.03412381164499978,-0.00018015298855877937
2004-08-01,0.02992633517495391,0.028839673723594528,0.012491569712414163
2004-09-01,0.029384756657483857,0.03851487571523449,0.0035933657167062094
2004-10-01,0.028388278388278287,0.03927865037812661,0.020242864997868093
2004-11-01,0.031107044830741115,0.0351904122900375,0.011915600190574027
2004-12-01,0.031050228310502304,0.04062063149138706,0.01757690543619228
2005-01-01,0.029585798816567976,0.03507640576238802,0.01693658100575446
2005-02-01,0.030895047705588485,0.037556743090271905,0.01816739900461828
2005-03-01,0.032608695652173836,0.03332152529396315,0.022988668341519025
2005-04-01,0.03206865401987358,0.040862305580969815,0.016425894145070785
2005-05-01,0.03154574132492116,0.03400416377515625,0.01762939439679112
2005-06-01,0.028738212842388977,0.04848540292055925,0.04094098584697625
2005-07-01,0.030017921146953563,0.046815842571810595,0.03348053195272915
2005-08-01,0.029950827000447156,0.038331225153596105,0.03408583795017117
2005-09-01,0.03211418376449604,0.027615691907177053,0.035825676948500584
2005-10-01,0.037845057880676825,0.027953787251192352,0.025236217210928835
2005-11-01,0.03904170363797688,0.029144223677446623,0.025923353393903614
2005-12-01,0.0380868024800709,0.02643411455153033,0.025511497944382677
2006-01-01,0.04111405835543769,0.033921121432942014,0.014681524840046922
2006-02-01,0.03966505068312021,0.031512023304498094,0.003468829616336988
2006-03-01,0.037280701754385914,0.032025832992358394,0.013890514939125298
2006-04-01,0.03763676148796491,0.027215892235175065,0.017088113843299446
2006-05-01,0.038881607688947106,0.030322367697216412,0.010102140501667245
2006-06-01,0.04103011785246613,0.02190011888012755,0.005908976844157143
2006-07-01,0.040452370595911225,0.020346948499155415,0.0010360480835849284
2006-08-01,0.04123263888888884,0.021492745110835543,0.005662852667709606
2006-09-01,0.04019014693171985,0.03187481572884021,-0.00010163985008126986
2006-10-01,0.03389103389103387,0.03356457532426527,-0.0008588748739151164
2006-11-01,0.03202391118701975,0.03089234912154981,0.0014994683703049017
2006-12-01,0.03412969283276457,0.03282713565665096,-0.0003772501890763058
2007-01-01,0.03275583864118903,0.02952633051412823,0.0017879370209421541
2007-02-01,0.03472233997456553,0.027123958422815786,0.018039375593129847
2007-03-01,0.0348541226215644,0.026124320906957488,0.004462479440135336
2007-04-01,0.03464782792070853,0.025275430527329057,0.006926758594303362
2007-05-01,0.034045416316232036,0.025073147811972785,0.004835730463194965
2007-06-01,0.034150943396226374,0.024557883390076585,0.0012898257424633908
2007-07-01,0.032880434782608825,0.021904549651373673,0.007232064370935376
2007-08-01,0.0317007086285952,0.029633494473667366,-0.00406625621660206
2007-09-01,0.031358537598670466,0.024149170335252323,-0.000496452227137345
2007-10-01,0.03341908713692954,0.020546862652125908,-0.008205398479774972
2007-11-01,0.033587091435664185,0.022309061607979963,-0.009921599941925763
2007-12-01,0.03360561056105604,0.01578192252510746,-0.017750993138317184
2008-01-01,0.03305730755630831,0.013608143982942966,-0.014232554675444153
2008-02-01,0.03169309806588516,0.010349802412863207,-0.026950036147120993
2008-03-01,0.033406471278034644,0.011737554954522222,-0.03340318354009297
2008-04-01,0.033732140309398195,0.012414843562538636,-0.04459535263985803
2008-05-01,0.03571021895435478,0.012802883513552965,-0.04665057392524019
2008-06-01,0.0372762472379331,0.01089606033459023,-0.04987010032696082
2008-07-01,0.04051160625746264,0.002959778172414884,-0.05287372971504878
2008-08-01,0.040625441910264515,-0.0013650888859013666,-0.06810417864794893
2008-09-01,0.037599497276916694,-0.008834652503668217,-0.07369030874326121
2008-10-01,0.03476354525524572,-0.01114036446234068,-0.06278167417186997
2008-11-01,0.032035321714207976,-0.016227577609033927,-0.07043861916257455
2008-12-01,0.029703128367644993,-0.018464678955833147,-0.08642672061576984
2009-01-01,0.028652280162703825,-0.013848216127036572,-0.10601966043413646
2009-02-01,0.027117822949882298,-0.014465460866686097,-0.10370596661178255
2009-03-01,0.023031089004780236,-0.020983640398410497,-0.09560113237620149
2009-04-01,0.020142750108442575,-0.02403058438012018,-0.09260555980174934
2009-05-01,0.015341000561495566,-0.02495294323359698,-0.09908956814208947
2009-06-01,0.011128092276783352,-0.022886525699682636,-0.10119017646002548
2009-07-01,0.00650785376973162,-0.014879473161033774,-0.08357707910362733
2009-08-01,0.0066974685510172716,-0.005902759799098933,-0.05855733524118245
2009-09-01,0.007535464434626826,-0.008485973124276791,-0.04402333847652917
2009-10-01,0.008920810827590664,-0.005836535248914143,-0.04441702893910793
2009-11-01,0.00927775472129877,-0.004367315305502606,-0.042125708651713056
2009-12-01,0.008903514892165676,0.0046321096581061205,-0.02334009449528729
2010-01-01,0.005339462107230464,-0.0017357298953333267,0.006938339271598037
2010-02-01,0.005080106396140094,0.006110492829095371,-0.002299380825038111
2010-03-01,0.006175988621958117,0.01511828954581862,0.006806066956871248
2010-04-01,0.007630518983525292,0.018709547993369435,0.0015008012928703351
2010-05-01,0.009080221514092157,0.020317098642362197,0.0336758014891263
2010-06-01,0.009671957508330609,0.022515634392499706,0.03579179029773982
2010-07-01,0.010736356363551858,0.021915302872639097,0.02882232439378507
2010-08-01,0.00939892396397779,0.015250794312203775,0.017273983976045848
2010-09-01,0.009097459570057254,0.025675803551714393,0.004991750486305957
2010-10-01,0.007938125694681997,0.027117006416921496,0.002579014941100022
2010-11-01,0.00844308316648279,0.03137853047914585,0.00317748197677048
2010-12-01,0.009405075206024183,0.02647261777805654,0.015293897069579732
2011-01-01,0.012800529570916597,0.02949586785516023,0.009158714545549396
2011-02-01,0.014351655960303189,0.025378803689944496,0.015675540665787357
2011-03-01,0.014488634181192506,0.024032569636291745,0.014762492942203664
2011-04-01,0.014550853179474466,0.02073940486925152,0.021364481096463273
2011-05-01,0.015053730473839844,0.017028007816134894,0.004510566391139781
2011-06-01,0.01568219060600029,0.016914540316425697,0.006172140256988978
2011-07-01,0.01696587324347587,0.015901423516827107,0.006562452794035556
2011-08-01,0.018981973238780148,0.012825906278537635,0.014912327062946318
2011-09-01,0.020005040399566187,0.013541634632141086,0.012854092076438839
2011-10-01,0.02077649527806913,0.012791541835805997,0.015508772216247246
2011-11-01,0.020650889828893737,0.008526436031331519,0.011359403905763399
2011-12-01,0.021809213155560947,0.007639185968343121,-0.0009355087462964429
2012-01-01,0.021967707735627506,0.010418468363059263,-0.0021471873063397817
2012-02-01,0.02022366240552742,0.01681253816405448,-0.001330168298299239
2012-03-01,0.02062745632567764,0.01197768762677498,-0.01994257527493637
2012-04-01,0.021326073393454825,0.014113967751106848,-0.010364872342910059
2012-05-01,0.02077701427169054,0.015350208396868847,-0.006843394396584546
2012-06-01,0.021380859757844428,0.01194750400616651,-0.008759198121580103
2012-07-01,0.020416450470367886,0.012301306064594453,-0.014825118196047371
2012-08-01,0.02017698451385508,0.013129501869130422,-0.025483798605185792
2012-09-01,0.02084433014004783,0.012885346710898915,-0.022820157654821482
2012-10-01,0.02138905502392352,0.010994447248864114,-0.02498028084101578
2012-11-01,0.022230602361954954,0.01710084543505519,-0.011186163488833167
2012-12-01,0.022252600917072263,0.01707302280446399,-0.010481009264318608
2013-01-01,0.022982821447162793,0.017027318222553323,-0.00991132560295338
2013-02-01,0.02498568954109892,0.010489230522859883,-0.004027363277732343
2013-03-01,0.02465110067442744,0.011956184043054208,0.01815707451660087
2013-04-01,0.02357601673423293,0.010943789174359786,0.007070179560604295
2013-05-01,0.02438203452395471,0.013426111333600499,0.0005193676163577354
2013-06-01,0.023933775225497778,0.014412283515073732,0.006474988718907948
2013-07-01,0.024871772196674913,0.013552032804920788,-0.004333810778398894
2013-08-01,0.02452301053769035,0.014479276036198252,0.005908896125716767
2013-09-01,0.024588270239942034,0.015946717792023613,0.0121430235602904
2013-10-01,0.023839673256673466,0.01886377934670813,0.015419986726630475
2013-11-01,0.023920404115668203,0.018702460850111846,0.010712497537592736
2013-12-01,0.023517237107241407,0.018654899271494774,0.018596597825350836
2014-01-01,0.02401852275907701,0.011554226648977206,0.0024012574006260223
2014-02-01,0.023832663659177022,0.01765055467511889,0.009067049168436592
2014-03-01,0.026559790302201014,0.0224711311822845,0.009819574959068156
2014-04-01,0.026422109934785665,0.02423564134816325,0.008721937184936523
2014-05-01,0.027885396544565122,0.0234832692820659,0.008370837909860596
2014-06-01,0.027638308685450363,0.027565356571225497,0.005501069002782577
2014-07-01,0.02729181497220856,0.02831063745806195,0.0168100102270905
2014-08-01,0.02597733395995583,0.03417345963155349,0.005934460427906352
2014-09-01,0.02502541196008523,0.03148128126750738,0.007155217808904268
2014-10-01,0.02551151717925615,0.034941388638412896,0.00022835058818038156
2014-11-01,0.02522723056946763,0.03336066213789324,0.019670144158392633
2014-12-01,0.025159225464681967,0.03535816730735464,0.00886101586297161
2015-01-01,0.024331893415303396,0.040775577719269096,0.026661900918874437
2015-02-01,0.023451446544444865,0.03726810846586592,0.011098579114584117
2015-03-01,0.020903355046677286,0.034433327198938546,0.01609684661125388
2015-04-01,0.02257046000747054,0.03517898930512309,0.011136147636270355
2015-05-01,0.02060222426741798,0.03622656808046498,0.011187806888460772
2015-06-01,0.021767113630225765,0.03327756624745204,0.009847953263676379
2015-07-01,0.02201005834117864,0.03520809143164216,0.024209925726201842
2015-08-01,0.022686583864831578,0.03083301563095686,0.029323589270698447
2015-09-01,0.023524030336466772,0.03186400625083374,0.022051402370083295
2015-10-01,0.024413283000979558,0.02618544789900845,0.021370764809974574
2015-11-01,0.025107514161250455,0.025747586754066187,-0.0018228445932896298
2015-12-01,0.024566082553705515,0.027139599313971363,-0.004962890681570964
2016-01-01,0.024866243450780257,0.02609676964310914,0.008264792582136637
2016-02-01,0.025741566850897568,0.03058055193251441,0.010393969495001265
2016-03-01,0.026265243375824587,0.024410569486319922,-0.009047390906679276
2016-04-01,0.026655593194639282,0.02506258640660608,0.010009639059667341
2016-05-01,0.028636036662387232,0.023819060837812378,0.007882442486975005
2016-06-01,0.028882824434031784,0.027041362304005778,0.018062071851802974
2016-07-01,0.02902863482888285,0.024212536383692695,0.001128936364469979
2016-08-01,0.03036871905686711,0.022403032684573,0.003554860084732603
2016-09-01,0.03012025586353939,0.023917259211376773,0.004293357318348567
2016-10-01,0.029367431447071768,0.022720980453681205,0.003632971526325024
2016-11-01,0.02939040119475922,0.022090239410681445,-0.0031985462422816635
2016-12-01,0.03048821822717529,0.02513807592799866,0.017857752278015226
2017-01-01,0.030805382742764342,0.024800659884520293,-0.009225015582796425
2017-02-01,0.03156008866785642,0.017945916416279628,-0.020859513436586985
2017-03-01,0.028767340014070886,0.026443032768155073,-0.005943485939410409
2017-04-01,0.02800099356198671,0.023046430035995824,-0.007672406631617723
2017-05-01,0.02692203451079589,0.022000218364450097,0.00028778463388823283
2017-06-01,0.026196997954819334,0.02082068659339864,-0.013490123109543561
2017-07-01,0.025238020758804547,0.021259842519685046,-0.01540910048908084
2017-08-01,0.025312423263006423,0.021170576425690424,-0.01913886417374122
2017-09-01,0.02540453181610447,0.023737373737373835,-0.018035015813275268
2017-10-01,0.026245504548339404,0.025067677314564163,-0.005503473820390736
2017-11-01,0.02542543334685221,0.029090352165334732,9.005078864587901e-06
2017-12-01,0.025852967006219973,0.030580465016377678,-0.01114931862535784
2018-01-01,0.02588963856844373,0.027652572082707216,0.0058527710039681935
2018-02-01,0.025979505529189817,0.028291339075679156,0.013674255152896553
2018-03-01,0.028777661074736782,0.027302356230743285,0.009970396303657925
2018-04-01,0.028211323711878844,0.029849283830969853,0.01892967695769765
2018-05-01,0.028848942194591887,0.03239677367661997,-0.013043806077056574
2018-06-01,0.028382767466130776,0.031037818743398837,0.0011972872123544587
2018-07-01,0.028693566344134558,0.0323824209714727,0.0033519117199878323
2018-08-01,0.027752425707646466,0.03445832853638464,0.01397244401500286
2018-09-01,0.027265240209931374,0.027688702516033503,0.014849523159737865
2018-10-01,0.026817578623239635,0.03125935315762596,0.006895515227761884
2018-11-01,0.027164860606450292,0.0298175578667228,0.012583984111181667
2018-12-01,0.027974875515811792,0.013460118970083812,0.006789349656493693
2019-01-01,0.026850916345871,0.01854527099940828,-0.004857699100635715
2019-02-01,0.02569464811721356,0.01819700080025055,0.004028964611012542
2019-03-01,0.025876710324604035,0.020500329392184602,0.00552997409130529
2019-04-01,0.026630676405207998,0.01793019936859408,-0.02443192043756215
2019-05-01,0.02543363218616501,0.01767774759625751,0.00813799203892085
2019-06-01,0.02602818112553784,0.01904171616479866,0.00466991004697781
2019-07-01,0.026293452983847665,0.01978659661953941,0.0030276777801150345
2019-08-01,0.026870766508059862,0.01939046314527859,-0.0020215140497696904
2019-09-01,0.027544511062134625,0.021765033646221843,-0.00934980449150491
2019-10-01,0.02823139707773681,0.018489274342930795,-0.01195584590945975
2019-11-01,0.028953975419330202,0.018030501385653874,0.0007796273203546367
2019-12-01,0.027544196723765735,0.028944775288119562,-0.005052721248470782
2020-01-01,0.029215785180064957,0.026862840591597825,-0.0013857103236915025
2020-02-01,0.02994616838231634,0.02954141607435745,0.005958034196789308
2020-03-01,0.02688885444117184,-0.04200324474003847,-0.04676012689164932
2020-04-01,0.020474131264576867,-0.15680443205764405,-0.14569792052038621
2020-05-01,0.0186939844469014,-0.08720925306105154,-0.11349378225529849
2020-06-01,0.018432015381581568,-0.037430941560087194,-0.04234027623608505
2020-07-01,0.021195612071722048,-0.02361150861125616,0.00446568785309065
2020-08-01,0.020270477475543558,-0.020499685072433382,0.00843822091121682
2020-09-01,0.018835595481415224,-0.007575884692182511,0.0014540802069444858
2020-10-01,0.016980176574312056,-0.005984159577588688,0.007359355866275008
2020-11-01,0.01725958130379368,-0.014178948686902393,-0.005928055678700139
2020-12-01,0.016585570189683763,-0.020402554899527803,0.017824609190664642
2021-01-01,0.013393032718691744,-0.0007654992802643701,0.031526945958231245
2021-02-01,0.013754643474692019,-0.012737109381482647,-0.0019762259718998365
2021-03-01,0.01774031392747477,0.10351645623492689,0.06070467287197334
2021-04-01,0.0260711416923054,0.2549730938992685,0.1932232669711722
2021-05-01,0.030505052342449712,0.1542567511116475,0.1497319226326581
2021-06-01,0.0318371323284703,0.09839662299139085,0.05697262983158957
2021-07-01,0.030094836670179204,0.07869440397265359,0.016040822909750396
2021-08-01,0.030039074241058117,0.07641854004835635,0.0070190120342756845
2021-09-01,0.03194147466544939,0.06603207344599338,0.012575426148395685
2021-10-01,0.03648308135349154,0.07052217097663593,0.016642169033667775
2021-11-01,0.037956095226701736,0.07434544330281145,0.022808740900688962
2021-12-01,0.04058440104267769,0.07010787789140793,0.003965342864241217
2022-01-01,0.04571426865529071,0.055532887560266975,0.009559892420945237
2022-02-01,0.048086397151846816,0.0666672269896369,0.03494118521086653
2022-03-01,0.05111258117051665,0.02267413365043902,0.024498703332191507
2022-04-01,0.05369476464228118,0.023663840174728668,0.043245247537217146
2022-05-01,0.05743007687351609,0.02597715940164047,0.029413922603075626
2022-06-01,0.062167019988330185,0.021340854433161027,0.02013762554806431
2022-07-01,0.06261362108573532,0.021603088210612187,0.01706628230848639
2022-08-01,0.06809573555416781,0.023019267684612155,0.019991455642494937
2022-09-01,0.07365112624410686,0.02114954560593807,0.023923218946464875
2022-10-01,0.07237455212692678,0.01757964793447009,0.024417358548810775
2022-11-01,0.07223722161872459,0.015382310736868687,0.012511519551434258
2022-12-01,0.07510495008593998,0.019685414680648217,0.013825832121993953
2023-01-01,0.07636067773384525,0.02410066266961186,-0.008540752522510187
