"","x1","x2","x3"
"1",-0.626453810742332,0.183643324222082,-0.835628612410047
"2",0.885050011302292,0.366236436659777,-1.22225738679323
"3",-0.191141116066318,0.811571992461173,1.26856364689705
"4",0.544377942458317,1.67409556694308,0.418358853657243
"5",-0.21951379449007,-1.87988077378888,1.84081459125255
"6",1.19973384596354,-0.392166417856723,0.414200399784473
"7",1.35110824413993,0.515468037646164,1.68035778021135
"8",2.228608395707,0.177658590894423,-0.940482317436191
"9",0.407209804830776,-0.0205970213501161,1.43976208846845
"10",-0.381476961005202,-0.482269459378644,0.698869019311222
"11",1.77159247284586,-0.199241619218724,0.0241838469799992
"12",0.317442146872266,-1.41690788067235,0.785271843848677
"13",0.218888766358178,-0.342694972845656,1.03885329866
"14",1.53415081079118,-0.233062590822718,-0.168678538254914
"15",0.885718560784533,0.510050680509114,0.338537354839762
"16",-0.29337529641738,0.466592098238653,1.49054605316641
"17",0.872360965782784,0.974426146101945,0.286061592522633
"18",-0.237311085328371,0.536004920644814,-0.323825190812455
"19",1.15888385106664,2.08760088263482,-0.426138252067406
"20",-1.11065463255039,0.987239803969377,1.09368426839279
"21",2.94506582186965,0.158207958060706,0.109729080459382
"22",0.693825679476164,-0.711631617270264,2.28197996643524
"23",-0.0688075164911364,1.32322853810883,0.49660499039116
"24",2.50647366033774,0.740155236521429,-0.493465984843843
"25",0.766594896165912,-0.786066584339966,0.6489292093016
"26",0.899015661261765,-0.600505190086426,0.380508462079769
"27",0.520500379859856,-0.709621984205357,-0.0594588079525517
"28",-0.0726997047186471,1.03616259973213,-1.30114093136893
"29",-0.331392405273562,0.540182891159945,1.21944256391974
"30",0.483147390054802,0.478055388148277,0.143160685312727
"31",-0.345678073261781,1.30347888361283,1.59421686636297
"32",1.74702984131672,1.84752923126341,0.577207551004623
"33",-0.523140954491457,-0.203759567984204,0.36781412027603
"34",-0.320558943144382,-0.661118590820965,-0.364834708596625
"35",-1.23041773319896,0.025805054239882,-1.01119962228408
"36",0.813363987134,0.721868486865182,0.054042827103932
"37",0.584688134225897,1.82654977789245,0.077992034417859
"38",-0.290112679422885,1.79759219412015,0.123895296226252
"39",-0.178676572128166,-0.0332894906179531,-0.163553305320496
"40",-0.429335931126539,0.487530433144236,-0.309061980882913
"41",-0.808168034957604,1.44054491179926,-0.417608473706599
"42",-0.633516068629527,0.18791824114629,0.435057664940934
"43",0.104272747606422,-5.05232377899512e-05,-1.08753807856707
"44",-1.06469237772198,0.0601503357869572,-0.515913667582726
"45",-0.0425818502197325,-1.5063640146294,-0.42669673645823
"46",-1.84365390910229,-0.60224892976249,-0.859360002524698
"47",-1.62237756426875,-0.17734656379989,-3.32536694800412
"48",-1.47564906443807,-1.70044174897198,-1.63466400922049
"49",-2.5553147243848,-1.09090735098784,0.714123850727303
"50",0.00621937032540427,-1.50448200063189,-3.64750731168551
"51",-2.10182414284212,-0.319456232841017,-0.61461121544244
"52",-1.77995482683183,-1.55135155670969,-2.61036044317337
"53",-1.18321447187381,-0.931537006138761,-2.94066553750871
"54",-0.42581814820728,0.238792976144696,-1.25320463245245
"55",0.0960761763508481,0.934181246603875,-0.869557156747304
"56",1.61662769008752,-0.0681907808202402,-1.17040507744644
"57",-0.640357618149222,0.193900183068297,3.42597962595658
"58",2.37591658243347,0.495778842037073,-0.486623231447327
"59",-0.199453787892979,0.0644297400961384,2.54993698174101
"60",3.82031013829239,1.040278386783,1.08117669488085
"61",0.289562292517027,1.19195124740998,3.10219757782193
"62",0.762200733886511,0.759412992130134,0.282329249527899
"63",1.81465793341663,-0.614199401178638,0.255211358218038
"64",-0.384529959941485,-0.299943841672268,1.54943245264225
"65",0.275948551741672,0.77038439964722,-1.53724252659796
"66",-2.06886447107798,1.59523458677372,-0.668606599156035
"67",-0.469822801307305,-0.0620291337541746,-0.719756372748906
"68",1.09107926501835,1.57418260669114,-0.672189588348715
"69",-2.5375523941329,2.81249811117239,1.74565817361657
"70",1.25577757866872,0.54910009908857,-0.703678630705623
"71",-0.40579535752986,0.530514663072227,0.588617580908172
"72",-1.03933464241771,1.09394120006932,1.34179120784309
"73",0.422646347781006,-1.03450151559383,0.13349529599929
"74",0.133266839861725,-1.9401187099436,0.0910840000082087
"75",-0.539888165950055,-0.728992321849126,-1.45130931672137
"76",0.679247753022499,-0.476930500761046,-2.12923359278794
"77",-1.15742052560758,0.167789546253264,-0.605739373445751
"78",-3.54442233821309,-0.606923793314462,-0.206128822754167
"79",-0.912897919613144,-0.219563502668127,-2.04165966679194
"80",-2.79819998925646,1.05286434374062,-0.688285272540992
"81",-0.334129021231907,1.24468060348559,-1.52468670881609
"82",-2.01281411328366,1.41190067666445,-1.98511913895069
"83",-2.33693695992394,0.0267094261759007,-1.29271078073068
"84",-0.351821029712158,0.141563778337958,-1.22334638328774
"85",-0.996361487256757,-0.219351585951739,0.477588841488721
"86",1.28126824880655,-2.44696653208222,-0.168583803024237
"87",0.512969394423,-0.91466102797252,1.35850727532496
"88",0.664311789893693,-0.467262867394078,1.0335561485814
"89",2.57597896110632,0.176602327458413,-0.0506183303408703
"90",-0.70935033387693,-0.295712513387327,0.898676411756085
"91",0.228270838335089,0.335236665544107,-1.40754482841518
"92",1.70953966887127,0.2230590087739,1.35704418739833
"93",-0.997285114887023,0.785612958950219,-0.0749555904868915
"94",0.667877741290913,0.555252747242,-0.948505567900645
"95",0.793880280905004,-0.59018111979852,-0.00204933588849743
"96",-0.843730659966366,-0.786214830713097,1.38286492604688
"97",1.23296146578471,0.847916251534424,-1.13797309217275
"98",-0.173618579589339,0.413748174793379,-0.39360106602636
"99",1.46818482533913,0.217197295892352,0.726815628404003
"100",1.75754458185961,-0.00712624226379977,0.765353417148891
"101",1.78093001080166,-1.04872339751406,3.20019334507312
"102",2.21268923742315,1.44440062277218,2.54911902200898
"103",2.30988689647683,0.856101039405935,0.813214111216182
"104",1.35423376016913,1.21483266623737,1.88721952231217
"105",1.13776350849798,-0.412815319202966,1.15500774274335
"106",2.10521958229674,-0.56653799414187,0.59286128078055
"107",-0.458093190815108,0.381005237186482,2.66824762889349
"108",3.2731957114652,0.890903778334653,-2.11425297633589
"109",-0.343308437018323,0.634316358968133,2.11601746786266
"110",1.58304001104818,-0.737172682333277,0.565778139896456
"111",0.385551685484051,-1.71651672161061,0.593242715096589
"112",1.85681516673427,-0.677584709053285,0.659332877725816
"113",1.77948168795271,-0.131118237484283,0.811931369353484
"114",0.394552787004477,0.71336557807794,0.155956118587229
"115",0.434290683948356,-0.146826250948724,-1.84602928996922
"116",-2.61421282226198,0.886654078602829,0.0833592780389045
"117",0.338792146308485,2.06480527902917,-0.178736978753681
"118",0.619911036447119,0.792923742372579,0.45731713176444
"119",2.02199599442893,0.75481885779297,-0.581054466883861
"120",-0.157981462823234,-1.76794604871125,1.37110212154821
"121",-1.66415247742689,0.960412957455804,-1.09971923475065
"122",-1.53261279850502,0.0227642591891979,-0.360605968718532
"123",0.119393439418723,0.572504824309511,-1.6408187110418
"124",-2.48798566612386,-0.274221279475998,0.475990504905552
"125",-0.98748490136291,-0.123685190373664,-2.9640965483117
"126",-2.28067357830638,0.104118363522672,-0.861852097489772
"127",-1.22334214064018,1.78437567548946,-0.813061319691611
"128",0.29761972881847,-0.56633181773194,-0.335122524922281
"129",0.97976336541537,-0.169787788072878,-2.03429320160811
"130",-0.883206805943147,-1.93891300320011,-0.159293354964033
"131",1.03585761163615,0.227854248662653,0.0856415907351367
"132",0.573725497355458,-0.064587912750326,-0.153641595249449
"133",1.60010973651567,0.0320930155718151,-0.326438135069127
"134",0.956738352471883,1.08085956139226,3.02215019287391
"135",1.70385550190102,-0.174695908444684,0.469666727478579
"136",0.293880386794818,-0.401570127391295,0.862082216940892
"137",2.10405403941746,-0.7778523173913,-0.262765260643247
"138",0.889411577604736,0.969201983056869,0.545156561090033
"139",0.0514056921456836,0.717460987109391,1.83418272747266
"140",1.04304445957202,-1.28650124996673,1.88859721402474
"141",2.96569651404335,-0.967671395843227,0.407763298051484
"142",-0.880895123921224,0.376188692650456,3.49480007886348
"143",0.632900383315474,-0.704330774671656,-1.18256578196533
"144",-1.38234736428379,-2.17415175055228,0.803127672634408
"145",-1.24607824197842,-0.45982798938872,-0.809488784083818
"146",-1.014053218739,0.800042794595782,-0.989935438180789
"147",-1.54342590106002,0.806367973953796,-0.983661434227729
"148",0.775363000807089,0.143013883627749,-0.0663095423507212
"149",0.313818823759939,-2.97944582219493,-0.794755054038471
"150",-0.917667033219754,-0.359085500693428,-2.71893910816599
"151",-1.12509414897943,-0.676242833993126,-1.46706130275543
"152",-2.80757333426893,-1.58914230479968,-0.866482635029816
"153",-0.658683104700765,-2.41571142074424,-3.28749177439752
"154",-1.89720914076583,-0.936179368798765,1.22114804437788
"155",1.72110847565946,0.408262160309843,-1.51039782275764
"156",-0.433695998743199,-0.624253693205658,1.91444551798084
"157",2.73358662292365,0.958579171442152,-1.24168219442546
"158",-1.94133706073668,0.0820601348001892,2.54611584125196
"159",2.74500765653763,-1.30219745757353,-0.978139322948191
"160",0.0978038403323112,0.933515769744346,1.63315589593206
"161",0.805471040714652,-0.960110982169498,-0.262254641412136
"162",-0.384607813423837,2.15853212935521,2.81833890776632
"163",1.72921239326738,-0.611961013190846,-1.81045397760032
"164",-0.406803672228718,-1.21296578637303,3.37271579819336
"165",1.39392275163165,-0.131486727528884,3.28292095287596
"166",1.46791921939625,0.281269278915677,-0.157445891588786
"167",0.531025368589059,-0.817010679278908,1.16110043209743
"168",0.622106734029392,-1.34664437628845,0.219608310580459
"169",1.26974820027157,1.32463857864605,-1.20656543236629
"170",-0.840257095644406,1.42435224258476,0.0395291080757092
"171",-2.66888173232627,-0.65103210999636,-1.2705489763697
"172",-1.37567203759625,-0.533943215497306,-1.76692750638303
"173",-1.93435606991412,0.267329751595837,-1.43576484441385
"174",-0.201805158551454,-0.683861574938062,-1.00991665318145
"175",-1.63215225722176,0.0712341638832201,-0.325766098452157
"176",-2.23898736649945,-0.129979723842307,0.0519539182240605
"177",0.269970192656456,0.11725168611909,-2.785603545031
"178",-0.726699790201317,0.10265204616919,-0.23934428068534
"179",1.32914725828077,-0.74906191236568,-0.184798483149236
"180",1.4182079346352,0.452410412697293,0.473568433786567
"181",0.196721387154996,0.445617612585543,1.59670875138366
"182",1.1756478037283,1.40757249477379,0.160996493687453
"183",-0.352468971990827,0.818840630476098,-1.09731436078935
"184",-0.4466401031523,0.660729078518938,-0.307834869728261
"185",-1.42195559477213,-0.262848787610089,1.36932808573348
"186",-0.0693759387396525,-2.38428187525159,-0.235693231653293
"187",-0.680171107106586,-0.987742941002675,-1.74078357332309
"188",-1.3771413510947,0.503690712229172,-1.26115038876494
"189",-1.76496148377319,1.19737835744613,-1.11077048040075
"190",-1.29043334635841,-0.386302579245849,-0.0955627315517702
"191",-1.31917421062415,0.771989870031192,-0.174861569323621
"192",-0.853838876642584,1.00281828772958,0.217745890165353
"193",0.557274636306591,2.22540570296409,-2.35947674732893
"194",-2.70509972650652,-0.931438073138018,1.0028533204772
"195",1.74560645819245,1.49160133834864,-1.59156072478721
"196",0.113702046847766,0.153445393639848,1.98921654847865
"197",1.79142747043409,-0.730351196328511,-0.183014422229459
"198",0.0953341341186799,1.24777557690732,0.0709403003398703
"199",-2.04561011074201,1.01783333358586,-0.499871611488946
"200",-1.19513907335124,1.10827169799998,-1.99144667535055
"201",-1.97410746705344,1.72407887383458,-0.0866352994294708
"202",0.086725152452991,0.20814241904904,-2.17379330547322
"203",-3.00093743769645,-0.181757159746787,2.10405531829978
"204",1.09435505148418,0.12802147729703,-1.80438402948686
"205",-1.4294058094354,-1.37314973109849,3.46739362735015
"206",1.71760828857604,-0.573231458152762,-3.06755573967745
"207",-2.05177558512711,-0.361950210005158,0.832169131846329
"208",-1.61477482482556,1.71227277402373,0.254953396155876
"209",0.545112634278097,-0.758286089619176,-0.0733784656753338
"210",-0.188812716051136,-0.47144338385104,1.59256591902553
"211",-0.150848989875035,-0.605507909520681,-0.957652577070967
"212",-0.680774595047893,-1.69396549661412,-0.930029144644949
"213",-0.071243231353378,0.126421807100284,-1.78923762226064
"214",-0.707497251384792,-2.40735538398561,-0.365070827229453
"215",0.315984165512657,-1.14050846328625,-1.01312177533296
"216",-2.23927471115745,0.61969110459052,-1.857301625459
"217",-2.07161671174311,-0.131309891585069,-1.38263284958536
"218",-2.20565796607725,1.80346850651902,-2.90630989231869
"219",-2.22141137483395,-2.57907999403218,-1.1808510660068
"220",-0.761212449909611,-1.6005359999204,-1.36597098431263
"221",-0.777445829006553,0.656220272992293,-1.69629579531954
"222",-2.3134761273879,-1.64028729404447,-0.735438367352077
"223",-2.31630282497853,0.360098569337161,-1.87621009572985
"224",0.413144727272579,-1.08568788543405,-0.36770419952521
"225",-0.702132355821309,-1.67376558839757,0.645031102497163
"226",-1.12228240408845,-1.38993813620601,-1.55935764417638
"227",-1.10509956748986,-1.27690835430221,0.0142650131025031
"228",-1.41000878683409,-0.0387446356757319,-0.885864338314417
"229",-1.96785688523989,-0.436372337836926,-1.65093455469036
"230",-0.589831238473616,1.46877816853484,-2.50557072102356
"231",-0.941293343870965,0.218309702694776,-2.08632158227552
"232",-2.40458741901225,0.504811101045717,-0.470136769122848
"233",-3.25232454326987,0.681280905660716,-0.927196974612689
"234",-1.60401162814227,-0.571312051485154,-0.168798984678535
"235",-0.528960295551179,-0.128279662228955,-2.36052748710678
"236",-3.10229142346119,-1.54881170350788,-0.81789634971379
"237",0.167938734589093,1.4440325046333,-0.913001602771618
"238",0.691242194925434,0.0512102494830476,-0.817786520541682
"239",-0.762014805534162,-2.40220822637564,0.180318712901024
"240",1.6336988425696,-0.349488544667611,0.0820366735405436
"241",0.873506396936214,-0.848808004382175,2.81725083379455
"242",2.06838957771236,-1.14531539339898,0.512352701717484
"243",-0.746274722078484,0.634715954111522,1.72037801108322
"244",0.700228333695573,-0.361485696768886,0.540844832660063
"245",-0.543771336820983,-1.05611801105817,0.842110571253202
"246",0.0294096519604107,0.713861194512268,-0.790484347798635
"247",0.647393903833435,0.638316944082605,-2.08179357881823
"248",-2.66314808482429,1.41043859499422,1.27163502567364
"249",-0.609547766851622,-1.06370596602126,-0.548450551062432
"250",-1.31760139877708,1.58898428541392,1.13211733037902
"251",-0.925729518292494,-0.527857455492853,-1.85500378138535
"252",-0.81636048272407,-1.3963411787362,-2.78858569237222
"253",-0.0939350867128534,0.726705251864931,-0.0335969724290875
"254",-0.706293181620176,0.134059819122589,0.699263745883783
"255",-0.93301275616959,-0.0974493625515302,-0.291851608807834
"256",1.30187511707331,0.622642844696627,0.60963423052019
"257",0.827665958326178,-0.987974114241244,0.696164178928746
"258",-1.01191652234712,0.731256938872022,1.79859818269585
"259",0.99391464579066,-0.834650948323467,0.525060073368428
"260",0.705652007076717,-0.553202287338478,1.65239548556879
"261",0.537961583955899,1.03831864576134,-0.459160311450744
"262",0.177593439168428,1.09904097147091,-0.751021874632928
"263",-0.0920731465744304,0.108221391345355,1.01986751835437
"264",-0.0931053018460473,-0.0653420557884226,1.33947708342276
"265",1.08750306183475,0.810122537117434,-0.29913672006636
"266",-1.02128674639421,0.151098816576358,-0.301714504732963
"267",-3.01156889104189,1.19934235530676,-1.77158977613811
"268",-3.66850963415147,1.23515027835392,-1.88009153409871
"269",-2.649394395451,0.069082069068679,-2.74690803003754
"270",-1.45605572366141,0.741477122315267,-3.56739025886547
"271",-2.43498583029636,0.875109090362611,-0.202682606123229
"272",-3.05319229962975,-0.0603356069427543,0.450165057783032
"273",0.501271619161704,-1.72134330203442,-3.81297044301281
"274",-2.07771543396108,-0.518324145979168,0.967912036883793
"275",0.555822000703746,-0.022665465686663,-1.37440379016931
"276",-0.684663217586436,-1.27413215935159,2.73403562797475
"277",0.364886888639701,-0.271787924652556,-1.27841003680249
"278",0.97820268532161,0.95708259124872,-0.362653318789349
"279",0.147204009286801,1.35687846844849,3.11248123748177
"280",2.51044274426345,-0.771130908541331,-0.609123813305352
"281",2.08142045997313,-2.22479766556575,4.65882610815801
"282",3.41611177361793,-0.89935279222687,1.16959534433199
"283",2.43532782362124,0.122957717388978,0.2552574606147
"284",1.0192824966239,0.475016057220219,2.38887189054716
"285",0.844646095100406,-2.27601966991744,0.483924651256255
"286",-0.436622276010281,-1.22109393242659,-0.817730934133121
"287",-1.05774055894976,-0.555435849408924,0.24623833354732
"288",0.947247065568951,-0.905618832299211,-1.16032353266183
"289",-0.261332293723903,1.21766733837817,0.425878759796022
"290",-1.45302481844167,0.475386012816936,-0.0584898089016536
"291",1.44094502354094,0.43849936800699,-1.54508995270051
"292",-1.2328962560107,-0.417596915944083,1.28239652723753
"293",0.827516115463607,0.832328823635964,-0.626370036215367
"294",-0.639643099379355,-0.774145530452544,1.38042997697125
"295",0.775883881675675,0.0280087616012823,0.501061742766757
"296",2.25795561492062,-0.948214707815296,2.19280092631352
"297",1.11981824195267,0.0767092506317057,1.61329648373674
"298",1.07636267711392,1.40959489114438,0.140302619715202
"299",0.974015649736717,0.268663278085577,0.103892553477778
"300",1.48221706084817,-2.03460770989172,0.209391141020197
"301",-1.09838535602349,-0.212600472077074,0.89505295005636
"302",-0.711875174874993,0.608432861731659,-1.84429008221386
"303",-0.774176593106717,0.359515971974045,0.338649897038357
"304",-0.856263429888344,0.167257204072914,-0.932839840736236
"305",-2.2931227305876,0.186137946336111,1.20782965120992
"306",-0.261214723785621,-0.162589886400981,-0.878714589166913
"307",-0.631197647337369,1.91101833497266,0.521845449859742
"308",2.56038621845638,0.731113013288502,-1.19355134741754
"309",0.097926568403319,-0.778333654156486,0.931430589457833
"310",0.482112396197536,0.778249969347302,0.256791866629009
"311",1.09019706234337,1.07099099615006,0.321276540785479
"312",-1.95929812259055,1.01010505096085,3.14645201223016
"313",1.86904028350269,-1.15289343933551,-1.53703844117527
"314",-1.6366364312774,-0.272217907938719,1.75386151614142
"315",1.76681192184906,0.180731443225569,-2.13405921675835
"316",-0.327226900079433,1.38446484377516,3.52479740987052
"317",1.90826037242756,0.750985567907529,1.24152580481352
"318",1.13432466633286,0.675055669349985,1.70040085555922
"319",1.28269599762116,0.303520236745031,1.893771169833
"320",1.99095793241173,-0.405734167825501,-1.28119173013795
"321",-1.29370580973905,-0.101101950908735,-1.2019014028412
"322",1.1108798877607,-1.50898262009452,-2.08656633261831
"323",0.219317769675049,-2.49167247273889,1.21488207854196
"324",0.550272240371622,-0.0424577530360854,0.533298206769552
"325",-0.475100730099313,-0.714336396355827,-2.62025028557486
"326",-2.89024766996711,0.237320974645539,0.0296297992413499
"327",1.46974732927528,0.112091223668738,-1.512050525646
"328",-0.6897075694036,-0.464417991101693,1.80015219608905
"329",1.58639960427125,0.0365368601731347,-1.39113954841314
"330",-0.696668214770374,0.788724349714876,1.79423984248713
"331",0.633981721218971,-0.511368598020533,0.18287844152597
"332",1.30372118226547,0.0187844434988302,0.0282205998696414
"333",-0.600172073649608,-0.415530002572423,-0.566389961736206
"334",-1.21382558734539,1.05185908814371,0.608705392967738
"335",-0.687448975997003,0.421103402701585,-0.56991044613857
"336",-2.19907596033832,0.895060660717547,-2.30933939870467
"337",-3.30310619995597,1.17716657720082,-1.90121378460758
"338",-2.20784667999675,-1.38650397740181,-3.52770498992838
"339",-2.56005309826139,-0.451847724211587,-2.41422194169424
"340",-3.53599323973432,-1.1876680460346,0.153696895739027
"341",-0.926100414304372,0.53647160281456,-1.92772247634167
"342",-0.771379735954148,0.402103080127949,-1.7933318936228
"343",-2.41911202549645,0.831811810571524,-1.76789871172507
"344",-1.19381140624319,-0.367177211463035,-1.92539206982685
"345",-2.37610618062226,-0.303576578563155,-0.0319185850110415
"346",-0.0438310680910068,-0.293179463436045,-0.853984117457935
"347",1.04944863830807,-0.0650048216020539,0.381171812756847
"348",0.754928645656148,-0.990903905338523,-0.204973059650714
"349",1.92727504999693,0.683097006708474,1.07235104281808
"350",1.28367414402147,0.622007966333964,1.63756797588553
"351",1.44503116601143,0.34782390520984,0.0125084080776086
"352",2.69898422082783,0.87152657131285,0.829878638294321
"353",2.33360126180083,-0.452952771742309,3.77475277631791
"354",2.71467364275994,-2.41208141080037,2.90704952431169
"355",3.71009852829892,-1.25673260151878,0.00748030177829784
"356",-1.08727166379205,-0.520360058234184,0.511793872225822
"357",-0.67366664097531,0.0595001107317875,-0.00964295425086914
"358",-0.961446523050408,-0.111702737829318,-0.204718390494926
"359",1.38333416028079,-0.980884075092983,-2.29966337546163
"360",-3.17870695247779,0.359560370271174,0.71203790582759
"361",0.634771447976881,-0.0689273131031196,-1.76008886716596
"362",-0.880889343261345,0.00975652254795697,-0.192408108801595
"363",0.951145835813004,-0.40382273826618,0.052092535669129
"364",0.391333096661119,1.70075992713393,1.29625150173975
"365",0.647951514687675,0.331003033159432,0.488775944676136
"366",-1.61911263276147,1.76359450145257,1.58364782140077
"367",0.0181143122029723,0.734726459460894,-0.538764039035527
"368",-1.5062713759367,1.63685270554541,-0.0886217945347058
"369",-0.17970582341818,0.732241550548828,-1.72114389135603
"370",-2.32617121820013,0.0979057555800432,0.596739834229246
"371",0.0263141721650601,0.725526722418227,-1.27375859823273
"372",-0.340980378405278,-1.25780056145762,0.840579155943069
"373",-0.269591112663815,-0.71728900172562,-0.595098442410009
"374",-2.11833821952511,-0.242994752316483,-0.772029216052998
"375",-1.68259954708058,-0.60319654679821,-0.285946527379444
"376",-1.79560382954283,-0.336023790787666,-3.77042070243551
"377",-3.67258457771949,-0.56850194358745,0.218198349114517
"378",-1.5437961364005,-0.985879925158896,-4.0821392110255
"379",-2.98645150818154,0.956916002755557,-2.47636689059861
"380",-2.75647152652936,1.55769180939862,-2.58343024983463
"381",-1.67418327181384,0.70104190469346,-2.92338763049613
"382",-1.16431998460893,0.935382399211002,-1.51992241875679
"383",-2.2008031446817,-0.203341938244726,0.18611590576136
"384",-0.87412877508682,-1.91487370641826,-1.72413529984724
"385",-0.60981645516809,-1.54209267145119,-1.23278041151476
"386",-2.20710290511621,-0.191612321364604,-0.867789680921424
"387",-1.08255813370587,-0.660648882500391,-2.29265795940719
"388",-0.949926783917464,-0.0269917574629113,-1.07685573766805
"389",-4.15697290557195,-1.28101705465643,0.092559217651571
"390",-1.1734182722011,-1.4645211948119,-3.60540710171
"391",-3.1340493715802,-0.794346634109087,-0.617684453724394
"392",0.461691946305814,0.82922250098954,-1.10658135295688
"393",-1.01213588530714,1.01018921418685,-0.492046892634339
"394",-0.686081407022922,2.38747574931087,-0.519285286756234
"395",-0.806024908104637,-0.106718310790133,0.768506666818789
"396",2.48293904691402,0.39081337468901,-0.84682597592523
"397",1.97759327223883,-0.70066754850314,2.94775252105852
"398",2.03760029110508,-1.16188087972036,2.46248715961333
"399",0.33150039505496,-0.540626114294793,1.20945927117822
"400",0.470603850168815,-1.74613295574015,-0.517476102503338
"401",-1.82514824616923,1.57393706181485,-1.87663352442972
"402",-3.78479155192968,1.01243593930732,-0.0553719522271592
"403",-0.99170687582897,-0.00433330009413693,-1.72182372801421
"404",-0.00489902934393749,-1.59142180944606,0.609435603540618
"405",0.621636850307296,-0.657627807374909,0.943430457713807
"406",1.72450237553457,1.14642692446124,0.0124600901053211
"407",1.12979498786221,0.525011018103443,0.919237492985024
"408",2.62665826700164,0.26672902247581,0.841174319286105
"409",1.64312527756943,0.443080325750776,1.18623517655276
"410",1.10581120400839,2.6950605539358,1.16621065466549
"411",0.741237807637196,1.27334244684916,1.71456070002962
"412",0.810138975508448,-0.82805432154724,1.62133636221999
"413",1.41580826366249,0.316636358466708,0.110161613822341
"414",-1.29183548906913,0.132421869969226,3.44496975621894
"415",0.691340045238394,-0.958321918753884,-2.2138542128575
"416",-1.77656155168563,1.1897898642289,0.138956392161923
"417",-0.513614470063683,-1.0506691307513,-0.94036869633347
"418",0.274345439974728,2.05008196570997,0.74503232012053
"419",-0.293631633607748,-0.0931136422431018,1.20951375638017
"420",0.777891886489998,0.256707571170142,-1.53646365534539
"421",-1.34647604878733,-0.875062733445872,-0.332692089834214
"422",-1.22108027486352,-0.589803116207288,-1.12321367398083
"423",-0.397016707264435,-0.627141396897418,-1.82972543497465
"424",0.255956430877716,0.868438127458845,0.293505884941214
"425",1.95661607859979,-0.804054319770906,2.40167470906551
"426",3.29894483622639,0.146212148023416,1.83315337499233
"427",2.00433777219093,-0.0815833618242647,0.762270254893856
"428",1.67704657868253,2.12600672574079,3.47649272484196
"429",2.9387485502534,0.317323556227104,1.78112844480525
"430",2.98046779973865,1.54076353384783,2.52853284895682
"431",3.48034528943156,0.281076862776009,2.8922023699339
"432",3.90625073047491,3.69578899929549,2.43845447956324
"433",1.82002096490263,1.18496575727443,3.06770806482776
"434",3.14668298288153,0.578241550589424,2.82717498992641
"435",1.64858260586343,-1.08992690126294,3.8858994563496
"436",3.27513194040847,-1.1403960376932,-0.137749966550381
"437",0.00624312593403309,0.362382193598345,1.53723774002238
"438",2.41916120696634,0.316321067206263,0.272727416267805
"439",0.659221704154497,-0.234313114710524,1.58899791125625
"440",2.4006214586468,-1.38562663215942,1.50136134522423
"441",1.18039303668706,0.457597918119016,1.34489521083712
"442",-0.168307649329356,0.438424852901628,0.279390062320524
"443",1.28630386827718,-0.740048060234563,-1.81791052146568
"444",-1.8692865939348,-0.720032334403264,-0.0735275829620454
"445",-0.66291072090685,-0.739332962988363,-1.86324927739462
"446",-1.10886519994895,-1.31151320428737,0.14827356778994
"447",-0.120537378587221,-0.300530411772475,-3.07474570080176
"448",-2.47765854571524,-0.615752186785965,0.702813168349743
"449",1.38725801974436,1.10809577789263,-2.97084888151001
"450",-2.5981965057717,0.132099278431806,0.133042881538125
"451",-2.03082147805772,0.817770521711591,-1.72416117029485
"452",-0.998681115089851,-1.03951364848487,-1.59847576565872
"453",-2.48991789340218,-1.03731749733212,-0.677767468454824
"454",-1.78741372488155,-1.20090901407987,-3.25657448385713
"455",-4.07130665518418,-1.10302973605265,0.212427793581095
"456",-1.32119447200404,-1.33377457283648,-4.47602605220782
"457",-3.54810081773392,-0.660761826996072,-0.939521725222248
"458",-1.64999180893432,0.735515247134966,-1.8957318165253
"459",-0.600941031946046,0.390605109805388,0.106471445244283
"460",-0.122210908443094,1.01104607591145,-0.500519439070303
"461",-1.05631530384044,-1.01789187624285,-0.592251412352243
"462",-1.3745186472561,0.3724991508981,-0.99509855186784
"463",-1.60180988935419,-0.823836235331126,0.625022652617627
"464",-0.119595413793103,-1.41357066866262,-1.71604350599968
"465",-1.13185010049068,0.550326954977953,-0.451363401506571
"466",-0.430471362140481,-0.929370551853381,0.114193134173039
"467",0.0937442976509888,0.551085642820136,1.05967727054726
"468",0.939443920776658,-0.172329463079209,-0.59146064165537
"469",-0.80253790524655,-0.949321732616605,0.993055813215196
"470",-0.933052875100363,-1.9352263249314,-1.41902268411737
"471",-0.0956474474201625,-0.264213623554118,-1.53443167230964
"472",-0.423643476186279,-0.404321578045751,-0.234776338786017
"473",-0.176085190586146,1.00791029694383,0.915153989526194
"474",1.88790204865017,1.18063817768342,0.407792209407556
"475",2.54267067404882,2.27902666658804,2.88623544221195
"476",2.30923030062156,-0.584242098233694,2.42862458786092
"477",1.60664701974771,0.158142470204623,0.949099385702401
"478",1.90695886703471,2.22108448641337,2.1202761979468
"479",2.60740358824236,0.481573462242141,3.9599217904417
"480",3.2138407674502,1.47260972127204,3.4968138810088
"481",3.25091484860414,-2.95869812864852,2.21427999415584
"482",2.65726879129251,-1.89584338316409,0.392727329447976
"483",1.71274262054081,-3.17513017184404,1.71448004859224
"484",1.27364861947357,-1.29357108938595,0.627239593080337
"485",0.748274278115941,-0.0117048944405518,0.756875363660069
"486",0.144210910577629,0.25614161249785,1.9091598837506
"487",2.03242454704063,1.54827777458026,-0.122704443539797
"488",0.903667642301003,0.813014081197876,0.989105055869242
"489",0.0562294821148093,2.03288649730154,-0.0320828781959852
"490",0.939500575270048,0.140404948399608,-0.653144244755929
"491",-1.80351839934875,-1.178228869954,-1.26429388049036
"492",-2.12974942584482,0.737760211210802,-2.0790799693704
"493",-0.144538482216207,-0.0251232759110565,-2.28126508759827
"494",-1.91038691755508,-0.594042756849174,-0.550133018762467
"495",-0.707173923175514,-0.0365756025046228,-0.697681869971219
"496",-0.0901491027116169,0.769332526031566,-0.370165202049348
"497",-1.08401076176761,0.603216590992906,0.503403590141332
"498",-0.268033688366576,-0.267444959278838,0.457023532801548
"499",1.6067897783409,0.06091655481988,-0.633377193993992
"500",1.53035176306993,-1.23151429781063,0.225010285023047
"501",1.31362102402406,-1.17161585466138,3.50568701791044
"502",1.77569537953025,0.304628923169277,0.139288351568559
"503",1.34440851696916,1.39013398986877,0.993514174685601
"504",1.57940623639608,-1.52174559736245,0.43099733492314
"505",-0.592562495153006,-0.0998718669216187,0.759252932469032
"506",0.177763713878835,-0.208293027622278,2.41908108653009
"507",1.57489471737333,1.8125858992274,-5.62972606897773
"508",-3.26652960290928,2.47705212605518,-1.94230347852268
"509",-2.80917434133207,0.0978409750602843,-1.51598817218872
"510",-1.86172066293379,-0.442394168687329,3.83216797812842
"511",2.43222826692576,1.00357174276882,-10.3084557241334
"512",-5.60098430254292,1.5127144775674,0.455450216206678
"513",-1.02624070581773,1.97030820639285,-3.49449051931675
"514",-1.61321665913388,0.981704574620818,-0.799205584230743
"515",-1.17417265567988,-1.22355804841505,-7.34786482209498
"516",-5.40084001150506,0.0250593439419327,-2.57554066575205
"517",-2.25223907795973,0.479577077204937,-4.79755332399446
"518",-3.75913358286592,1.39117860630108,-0.536779324255907
"519",-0.325999739849986,0.764294617492675,2.82352538320656
"520",2.01370068102539,-0.836978151440801,-1.45666452139312
"521",-0.379263536798515,-0.436792894459066,0.733532637459693
"522",1.10248911212869,-0.862909494097159,-6.11062644773851
"523",-2.03760815135784,0.262628616049583,3.7496669761352
"524",1.90513041237267,0.146143340514462,-7.83336323450028
"525",-4.74433511064917,0.497093479432368,-1.35724654786525
"526",-2.42828952116226,1.44299541274162,-1.8133137116975
"527",-2.00808259017113,0.657702797876749,-5.45132515361759
"528",-3.04560869994594,-1.77719578535095,-4.28728968541642
"529",-2.93353700612157,0.796882587146834,-7.68564499972226
"530",-5.36535004444383,0.501026831503868,-1.99994241405289
"531",-3.09919471852152,-0.75576584344531,-3.20020613888853
"532",-1.65361054708014,-1.63973105189173,-5.47171184086041
"533",-2.52304628110973,-1.53528039158162,-9.36393884714274
"534",-7.04190318307084,0.0371379490519385,-2.03502896309676
"535",-3.70635104397086,0.350227874151606,-5.45406790118663
"536",-3.63768448503421,0.370989977039865,-0.444239897819882
"537",-0.713032919201985,0.482249018136848,-0.192654376442932
"538",-2.56461816780086,0.614288065215827,-4.44438201467228
"539",-3.26083118496244,1.43761017770144,-3.01729283714082
"540",-3.57243569125031,0.201253536500707,2.7612130236291
"541",1.31941942647699,0.18901291895311,-4.0997582810072
"542",-3.13362249867375,-0.102068975701427,-3.80683806102503
"543",-2.05740697676459,-0.35586864347239,-8.21695706464152
"544",-6.18080974334035,-0.312140624538093,-6.88732680919727
"545",-4.00759920387915,-1.1796457364185,-8.44964357969878
"546",-6.26496803553406,0.797298277566798,-3.62890567534077
"547",-3.5659171930646,-0.942740094474129,-1.36018586373643
"548",-1.35248309731591,-0.0875423056956955,-0.440343811169336
"549",0.420223607511892,-0.750023770152297,0.478439091072084
"550",-0.57049822300452,2.07955429431529,1.51436156999448
"551",0.910138010810576,-0.0745318475567016,-0.645137730782551
"552",-1.37077817017066,0.0485641018457107,2.37276803731748
"553",0.873423145893343,-0.802839301558443,-5.83779161529401
"554",-3.34286379501536,0.173215446393267,-0.183139336293186
"555",-1.34786822480754,0.293004218219788,-6.43099290646509
"556",-6.24402282858977,-1.38660882920191,-1.96877218758483
"557",-1.83623513229671,0.437336080483607,-6.34359829774726
"558",-3.3897515314533,-1.05828956489328,-2.67635084536811
"559",-3.28444817170432,-0.0524258326241258,-7.83806286265439
"560",-4.95870277114649,1.19654643449594,0.62334909287366
"561",-0.637387933260931,1.39557270949708,-1.77139364264582
"562",-0.4086044737092,0.456906913088195,0.70969563171894
"563",-1.69827463719195,-0.446666528203452,2.84743500528071
"564",1.75481921773196,-1.30804067718877,-4.15325593004851
"565",-3.11211279209355,1.86026777620553,0.427995354291762
"566",-0.967561218657217,-1.72053021651543,-7.51203791232095
"567",-4.22968850603451,-1.19532648468324,3.84220975250958
"568",1.51450632358529,-2.56547482437676,3.3791467474487
"569",1.58582401153422,-1.01945593223541,0.834816332133459
"570",0.781370976858702,-1.72255881612164,-3.62556956690197
"571",-0.986019573229345,-1.05293370730429,2.68626297990674
"572",3.39093600850242,-0.989753298332432,-3.02149764873735
"573",-3.42976366293102,1.70192587324444,-0.092916261332785
"574",-1.12894989524338,-1.02356962683685,0.165425088520005
"575",1.50098357892915,0.0226735215279614,-2.19652587378982
"576",-2.90695179551011,1.49523580160769,3.12968550915119
"577",1.56841202063902,1.50339201299995,2.15972579417549
"578",1.36327343929073,-0.925095345222192,4.28836707936458
"579",3.96772287137423,-0.686412234970577,10.2311865894102
"580",5.40626829184506,-0.145420531823202,6.05646548588175
"581",6.80312596643265,0.946760902599191,4.20035457777656
"582",5.08978215503785,0.746933400227545,4.86935717789397
"583",3.54943149673311,1.36563015077391,2.65848475174724
"584",2.27643250819615,0.526263839613745,2.79222203534731
"585",0.434057964157283,-0.32107395593882,3.53566320399053
"586",3.79258994446053,-1.33502259921745,-1.71204120678845
"587",-2.88307709304518,0.729544074674977,2.40314902650589
"588",1.89661366378282,-0.417282721856149,-1.23076654209994
"589",0.494868817388832,-0.317617647007051,3.79015468214105
"590",3.40605293154185,-1.65409355567529,1.21115404151251
"591",-0.95696377451848,-0.60925781843117,0.396117062943612
"592",0.961931261947102,0.171632130755261,-2.58339234646486
"593",-1.77319199344354,0.218511486429414,-2.33141773338235
"594",-2.66647421679618,-1.19899131721387,-5.80258830756246
"595",-5.11964667176337,-0.258325648900947,-6.81077172867701
"596",-5.32361787023119,-0.719493993761641,-2.70217072125198
"597",-2.81369207475408,-0.517933519483141,-9.70521043602144
"598",-8.95406703423621,-2.64424456487579,2.01297059239841
"599",-0.742399995520187,1.40754839788893,-11.1643472295349
"600",-6.48161735148117,1.35762931562568,-2.51063552138427
"601",-2.33968279083279,0.852910492358034,-4.70577799018978
"602",-2.25499937384812,-0.108950544773569,4.61602034478478
"603",1.58447417075048,1.29052778271907,-3.17231220896175
"604",-1.54947420298183,0.18643106886132,0.967804557214063
"605",0.279490965084175,0.955075145082901,-0.953027935205761
"606",0.747709220500665,0.304509874115784,0.909578343595762
"607",0.732766279932311,-0.363856059219995,1.20803308547338
"608",1.98509933360695,0.741086676607313,3.42818193560915
"609",4.52949149256747,0.505259369753186,2.00496587259277
"610",3.8621630655909,0.0369822561051113,0.24703964425682
"611",0.0524648404409124,-0.647118169999124,-1.59043788842896
"612",0.315370799386181,-0.723309299293153,3.26421714843536
"613",4.73210772707312,-0.547948354013421,1.18642337504294
"614",1.20162489421027,2.8096391363468,-0.033858630417142
"615",1.39511526683053,1.43153060044839,4.19656418261206
"616",4.24129920879358,0.899281176194648,3.08745705130601
"617",2.11658806743319,0.631891841556004,2.02462876032921
"618",4.680742890755,0.85877182154624,4.12954680025253
"619",1.60717922097897,-1.15570941776285,0.51829229340232
"620",0.0971645775478447,-0.799154698828507,2.82480644131133
"621",1.75949031687131,-0.45840896547239,3.476871942207
"622",0.676767219061107,-0.16496379708994,3.73017003653664
"623",3.82117993083874,-0.238845389633986,-0.860097203449416
"624",-0.0200558406549821,-0.478847750905256,1.35322804236455
"625",-0.410571214906613,-0.292364499163267,0.592539771782521
"626",-0.224542696752666,-1.17179817476688,-5.23777902784799
"627",-4.09917774030484,1.48827238168224,-2.06704042316276
"628",-2.90342469036219,3.07904161019231,-8.4435375710573
"629",-6.34863334145355,1.28030712096208,-2.85247143866982
"630",-2.08276709223761,1.06149871551483,-4.02802864112403
"631",-4.40351988248375,0.535649898970483,-2.20798628876581
"632",-3.31224464273393,0.258408151632139,-1.23724352180821
"633",-1.607686219989,0.900449265631589,-9.79999008098443
"634",-6.44305318630952,-0.390904432185866,-0.0856734517799682
"635",-0.20096219762047,0.0613778156359046,-4.32153829045756
"636",-5.69542855983755,-1.20494526899468,2.1190597613434
"637",-1.0716768031395,-0.353371715636607,-3.31569302755653
"638",-2.88933328486552,-0.921916832656775,-5.20436733083306
"639",-3.95667194234238,-2.09174131054862,-4.98261046462918
"640",-4.39073300665366,-1.3835826875424,-3.67671539330951
"641",-2.59166332170309,-0.25861776253117,-2.93844227465652
"642",-0.976356185352202,-0.163024401186684,-1.00952025700006
"643",-2.8858453130372,-0.00186466212996528,-2.99606886877045
"644",-3.89843048826252,1.00199372010539,-2.08508892012855
"645",-1.29392700245826,-0.708092472176131,-9.73510927839291
"646",-6.91042384783986,0.801590436199329,6.58644718453733
"647",4.11561919310151,1.22075485372578,-6.52422227325064
"648",-3.39097687123862,-0.23117715756332,4.39125351535724
"649",1.21212293228094,-0.429985015004758,-6.79891665845822
"650",-4.47104384999963,0.366459110830194,0.935186660725086
"651",-0.878271960641045,-0.165389496139421,-7.98514673754023
"652",-5.98783167936299,-1.80864634996176,-0.694265980031378
"653",0.0674943525643401,0.342477235557629,-0.110153472894965
"654",1.28927935164562,-0.261462388556176,1.20623771544638
"655",-0.725440461972283,0.841485266341298,-1.30717173433458
"656",-0.119598786602227,-1.70286053767563,3.10149688142915
"657",1.64413696480923,1.0853262607969,-0.482311124869235
"658",-0.646864120866317,0.715336252551453,1.19322092195388
"659",0.0796650434192546,-0.75155351025102,6.92044301073857
"660",3.9105958656287,0.408840798519827,-0.72878924069547
"661",-0.745888097168617,-1.3084228295233,-1.64670266176036
"662",-2.70791411619154,-1.75792004811837,1.27463153838347
"663",0.113897622949295,1.64755841958429,-0.347407842271076
"664",1.4277915819079,0.832230327306542,2.94564225704996
"665",2.81475529204578,-0.235608998235317,3.93648028255702
"666",3.31043161548729,0.986662437967188,-0.474174040395114
"667",1.33439751577421,-0.114640868599254,-0.14381413765242
"668",-1.75604528947235,1.59677257034348,2.46895980131525
"669",1.32121287119218,1.01577212418721,-0.749330152074311
"670",-1.57057202940665,-1.91991163326056,0.503767667649007
"671",-0.274263618047381,-1.44221803633335,-0.231711960537397
"672",-0.532502630201503,0.53710552681532,3.39338797283469
"673",1.6437660770276,-0.767725649186176,0.164740092646191
"674",1.86926091351562,-1.88829455586764,-1.5151228169852
"675",-1.40248640457645,-0.00283795313086543,8.08080761419655
"676",4.91215508746047,-0.427067992744795,-6.0915937170243
"677",-4.32318194045477,0.683321363463275,1.11713383036429
"678",-0.56911420234375,-0.216375172146012,-3.07646465882222
"679",-0.64773299208472,1.20293637182719,5.58411489114797
"680",1.92491431256256,-0.222127108124038,2.91648567988799
"681",2.1226853170623,0.273655278413182,-0.643232428183469
"682",-1.89462997984577,-1.15226552296282,7.23238495059589
"683",4.42215790998122,1.55752861154468,1.04520745624819
"684",2.31865773927417,1.93503796185796,-1.36345986844744
"685",-1.10068157458094,0.0737264586362545,-0.756321294395939
"686",-1.00604182894968,-2.06810934550679,-5.007193748491
"687",-3.09546298002889,-0.172101071187067,2.79404331821097
"688",1.00220914889232,-0.418960109725889,-3.46474893620152
"689",-3.18323765847708,0.165324286497739,-2.91888372770216
"690",-2.1842728579412,-0.144639448826688,0.129000303524355
"691",0.901392017371866,-0.445144647262794,-2.8470726973463
"692",-1.8591977093274,-0.747620470047194,5.34969771300872
"693",3.30927680848589,0.719303540104896,-0.31583604896214
"694",1.85645829612611,-0.0651660485578098,-5.57377930308778
"695",-2.92117338198003,-1.04667338689395,2.77866208682905
"696",0.38693644785132,-0.303806585212896,-3.91608612662864
"697",-2.90963257487696,-0.715546925849737,-2.74132153168858
"698",-2.30444412648527,-1.35963569740439,-3.03498078084188
"699",-2.88572143670128,-0.91054764009848,3.34350566018713
"700",-0.106090920863686,-0.150925036120615,-5.82945692237923
"701",-5.44288897777595,-0.0758922336563886,6.45952469525664
"702",4.8551852866501,0.168068574745211,-5.78399924631733
"703",-1.03520309898789,-0.200877479891333,0.757969115845238
"704",-1.03393254422782,-0.624203484032776,4.23946768561992
"705",3.84658422693876,0.432687631812148,-5.75909193374652
"706",-3.53358553786693,1.17833608027153,1.83788670458046
"707",-0.102220311569669,0.28774790254129,-4.3657320639713
"708",-3.43116482144017,2.45258292230437,1.63902517287747
"709",1.70987055188811,0.539986736906642,-3.27794523635855
"710",-1.29469815304597,-1.37747006500382,5.71246038055712
"711",3.51802146967662,-3.29779722665615,-3.78906933889098
"712",-2.36263579822312,1.32965881962451,1.56608628091007
"713",-0.860095709834202,-0.0209392873890489,-4.0909846018818
"714",-4.6097254756801,-0.672502789001381,-6.17474839659654
"715",-2.56034605472567,0.143746177786964,-1.48609954072965
"716",-2.70377139154122,1.32441654298253,-0.197107582582945
"717",-1.61735608653269,0.157145446322859,-2.82665119050652
"718",-1.01542568793329,-0.132220010406333,2.15496933941395
"719",2.03522534527767,-0.325619596044022,-0.88699782525301
"720",-1.07626371424584,-0.56312201815943,-2.82822082874357
"721",-2.61938453207774,-0.477511734091309,-1.52025109830925
"722",0.911299112667386,0.0496715430162812,-6.36248184901039
"723",-3.34223398497709,-0.27808634666111,4.87596105581086
"724",2.79849394329231,1.55115050902131,-2.44686242959327
"725",-1.69574396261639,2.28892276154436,-1.8291620735855
"726",-1.1946658825628,-0.518524469171034,2.84967883012545
"727",2.1968016348197,-0.532802453324094,-2.07296380993252
"728",-0.123014282224496,-1.17156660180927,-0.900612938325118
"729",-0.247169279168572,0.515958353119638,-5.46543283564294
"730",-3.68298215391586,-1.05854156728706,-1.99531281820455
"731",-0.820876216150897,0.789831780950592,-3.370379341277
"732",-3.45661760198168,0.468295801247219,4.33331814564416
"733",3.24814835643113,0.494801991205941,-2.09888083655134
"734",0.239902253822804,1.01589843555231,4.80048347857452
"735",2.69669660708925,-2.48640549192607,-1.33002981142149
"736",0.907517285981018,-0.687572642940032,-0.523738474495065
"737",-2.22049735657613,-0.74188688403509,-1.92673809563031
"738",-2.39959531674495,-0.0614685563016376,-2.40561661460189
"739",-0.901323797891789,-1.57609180292714,-6.17242500133223
"740",-5.59809708246274,-0.344325108469436,5.57490973958319
"741",4.15260444995148,-0.447245683182365,-6.32376760839792
"742",-2.33203110671194,0.218563980405289,1.56186890975938
"743",0.589259085912849,1.23101136245616,-1.90568206015202
"744",-1.01368397262464,1.02661074676871,-0.967743505967965
"745",-2.90668939519749,0.183650155672955,3.16259118633741
"746",1.4587943195121,0.700743222861848,-3.64146713924204
"747",-3.17471013900895,0.577254397605422,0.00639898357611957
"748",0.211912564479654,1.06846718457747,-3.33874166504536
"749",-2.19392837587262,1.13444913009953,4.74081787672641
"750",2.48294430436775,-0.256194002757499,-2.25751743403906
"751",0.126330604871645,-0.80421944851318,-0.260979518375215
"752",-0.411663995167971,-1.45721344748201,-1.34638373843883
"753",-1.4239571445605,-0.231567780471907,1.46242610696543
"754",2.30832860682138,0.764995465792602,-4.85688733352116
"755",-1.43347952772458,0.959986194196581,1.96256006034126
"756",2.43114984722735,0.733895010723757,-1.273633553167
"757",-0.987645169519413,1.03336763532279,-4.78488700861324
"758",-3.70183822102699,-0.920439922399373,-6.54502919958942
"759",-5.09926108051655,-0.311991106598449,-8.84751015551942
"760",-7.49278820415014,0.358232438660934,-1.70322616704769
"761",-2.39643457506915,0.79078822018264,-4.59579115721796
"762",-3.32890108910998,0.0447587223334786,-4.6291274051406
"763",-3.65357823792076,0.931497167057686,4.50352881876737
"764",1.98031585734421,0.198051466077031,-8.75218457094364
"765",-6.52258059409216,1.32842837662318,0.662821808174379
"766",-0.27165511746777,0.933136005502404,-7.14899361601027
"767",-5.04311788233172,0.419159604977345,-0.93859886250531
"768",-1.4598937225621,-0.570155003832424,-6.90612371860431
"769",-4.59877442855295,1.2798881086438,-0.591064938246127
"770",-1.40280186597139,-0.0384877648037829,1.27892652764974
"771",1.71468592595838,1.39671368884302,0.879737974876053
"772",1.23269666433273,0.778988530651143,2.26964733648163
"773",0.635174190945291,2.30757964815009,-2.41772343283585
"774",-0.613065870365338,-0.774408102407528,-1.77540120487075
"775",-2.07430500095389,-1.35253868810481,-0.794298756715293
"776",-1.82009955969929,-0.113644378990538,4.32972408820676
"777",3.40437956987311,-1.71431809975982,0.136351208410743
"778",0.851004273242038,1.59956772043053,3.55564422816453
"779",2.40069023721135,-0.942557999536993,1.05598544971647
"780",2.40929862761967,-1.08254276452989,-0.803902352467214
"781",0.903653111688982,0.700263291461044,0.601366521233624
"782",0.114176478782133,-0.131779970614989,4.09126245574072
"783",2.94534226392242,0.232300220305528,4.94778429024099
"784",4.92188605247224,1.26350446121947,7.26939153524261
"785",5.76017385885758,0.150516189278099,4.19963454402169
"786",4.54838638577227,-0.471471514566309,4.74304486127542
"787",3.5211755579937,0.259193093265454,0.247983557710246
"788",0.645470597874981,1.44339429881497,1.48399166862574
"789",0.470466302454278,0.874092301073787,-8.2448006925628
"790",-5.57528148156631,0.381577661144761,7.53742355697782
"791",3.60026110998773,-0.725905841365008,3.02991697987011
"792",3.20823746074611,-0.151047125463773,3.91123324300384
"793",2.9321265377192,-1.24124186738529,4.528418259845
"794",3.84532695882194,-0.347165967152945,-2.14293407766306
"795",-1.52660505529353,0.412947563980738,-0.232594958580813
"796",0.0313991125797615,1.32474298371444,1.85580545961351
"797",-0.0234051581543948,0.391905384412789,0.316674122975374
"798",1.12195277276552,0.46159756451281,-3.86329266047969
"799",-2.81827368951499,1.21950798067894,3.68187622482772
"800",3.84425452891645,-0.736831063683848,-3.7411250473108
"801",-2.2242655503682,0.84798761540223,2.85004248396875
"802",3.0331203564379,0.729646205935413,-0.960035485399045
"803",1.76427096466113,0.664327041700522,4.3447362764607
"804",3.42217962228468,-0.0321797423297861,-0.795250070001745
"805",-1.15406934725245,-0.22928476929124,2.47104612626292
"806",3.3265462523826,1.13255496051484,-1.92263893171016
"807",0.25325662817885,-0.858828220013102,2.91451267760794
"808",2.56257069970841,-1.86915400596672,3.58363133810515
"809",2.33325595408274,-2.18428727286475,-2.30812696406498
"810",-3.1197928905841,-0.848894119977546,3.67383389691139
"811",1.3861663753549,-1.39659610784439,-3.35438574164996
"812",-2.06466222902822,-0.0327597403736504,2.03370098152855
"813",0.765640303718671,-0.0829853426242575,1.91733301890216
"814",3.07601153429052,-0.844458395711075,1.99298610046919
"815",2.02886955420607,1.15205650631264,4.77500860378901
"816",4.82449607791835,-0.0698593121704615,4.78484186437038
"817",5.02342963104835,-1.28337932594123,0.566918188791894
"818",2.77513585366388,-0.717728710306026,7.20681324215761
"819",6.25873115267002,-1.21453659930633,0.18209007101942
"820",0.0818211339130726,-0.0526738344499016,-6.4805533965769
"821",-3.30862554960499,0.28034905322188,2.4910526589914
"822",0.859671138849237,1.49090065390008,-1.69114070021139
"823",-1.99345170255077,0.219878956486094,3.60217520670084
"824",0.67672751852464,-0.0275013040244071,-3.73987122787572
"825",-4.02800383894423,2.090699974738,0.970247298803662
"826",0.387670996920015,0.54353471627659,-7.14520606413519
"827",-4.85106928528989,1.45640387961213,4.50627531947025
"828",1.66709753707724,1.80710788474664,1.3929094628086
"829",2.12303310129991,2.02707011768909,4.57329594780635
"830",4.15306992986258,-1.53952198080684,3.95646796693483
"831",3.67647298072344,-1.14540401551789,2.14868337054114
"832",1.24315942289802,0.987519330284178,1.82894441493369
"833",0.19493299446419,0.339064585916082,-2.80651770605848
"834",-3.25806298964635,-1.73767063849018,-1.82985603153635
"835",-2.4058698712126,0.679882950946366,-4.4203409267125
"836",-2.4155632456605,-1.1972502903104,-4.32539930477604
"837",-4.58538728778434,-1.69056655336117,-3.69654082160469
"838",-3.62004031955728,-1.05848417949741,-3.5379836400963
"839",-2.21323527155857,0.741812552877122,-7.87182899658299
"840",-5.65952856682748,-1.00063937825205,-1.92678388008812
"841",-2.44549962746949,-0.866914303624532,-6.60885832364082
"842",-4.99342338355964,-0.108028805554949,-7.06429014910272
"843",-6.8792744115435,1.27704853705508,-5.28695308496665
"844",-4.52142906325894,0.0604662313086994,-6.62445869286182
"845",-5.45870825314925,0.18024007821852,-0.736266911551584
"846",-1.81932935776554,-0.816381386239655,-7.67507220591824
"847",-8.28107736151362,0.372981734371307,-1.36640983088225
"848",-1.56577136981942,-0.431808514069639,-3.77827188155617
"849",-2.4722257997485,-1.29336321524321,-1.19131226425556
"850",0.258496016048309,-1.25189689923865,-1.8091630363117
"851",-0.557300402116755,-0.483487335177214,2.16760385846324
"852",1.94694052526987,-0.931856548844817,-0.082372155176478
"853",0.0473065427801168,0.280313604901066,-2.14278071983124
"854",-1.59830713736419,0.106300460335699,1.02181448575344
"855",0.574496202238135,-1.03852096571539,-4.01845847444512
"856",-3.25935820246718,-1.49060285280855,6.15435644589794
"857",3.72736260203416,-0.700214596390482,-3.16696858510111
"858",-1.86462726750689,-0.230178528379085,1.88917521959018
"859",0.317200964803671,-0.417719691280512,-3.54905041625173
"860",-3.23418297509865,0.504208255583409,-1.45787356874524
"861",-0.197206737259707,0.226887714921597,0.469759328059801
"862",-0.188074362500635,-2.19755362301637,-0.04581087105493
"863",1.0624850974042,-0.514915886108554,-1.90230749341115
"864",-0.859039837464946,-0.0896413993749795,-2.25089715715612
"865",-0.0901283537893376,-0.242994200372361,-5.17498097194469
"866",-4.97609589381966,0.480929975448823,4.06809473502759
"867",2.97907494345854,0.0848266505068309,-0.56607072467062
"868",0.987420671906623,0.103907268184753,2.2007207023353
"869",3.29084598084232,-2.38409658807698,1.21396377861564
"870",1.10481715979764,-2.22266301356036,-0.254756495332312
"871",-0.0970322954459769,-0.902770572094366,3.28082974354289
"872",2.96439983482852,-1.29115848773413,1.37628358259815
"873",2.33645645322717,-1.45042062391921,1.07504677250652
"874",2.87389596278734,0.212955770375567,4.0755954935138
"875",5.18391569738344,0.169628211618117,2.85221923483472
"876",4.11337488281165,0.0432944931358887,4.81532736196792
"877",3.66043128167798,-0.813888790836065,2.74805642883698
"878",2.09291612081629,0.624113240899268,0.456823907566889
"879",-0.0416725266383338,-0.776702546018505,4.97549702660826
"880",3.09068661300699,-0.748621094247616,-0.559588969102579
"881",-0.256267228861421,1.52132118114742,4.07174830236762
"882",2.07131675515207,0.606355282469078,0.897845797324503
"883",2.16773103354961,-0.188835396296361,4.0449684431678
"884",4.43991702170595,1.93852085999058,1.37133925416848
"885",1.91908914899866,1.621250394434,4.35299617062963
"886",3.64671675300169,1.69957051207996,4.32735574327736
"887",3.77600716165296,-1.29394513830982,2.59150144328897
"888",3.69889249212887,-0.769972617870067,-4.53974877252844
"889",-2.16333816574632,-0.77616938441565,2.10070374298753
"890",0.923720359247728,-1.34056412891048,-2.19632377684769
"891",-1.87394633790517,-0.489207974366128,-1.280142186757
"892",-1.70939884580676,-0.665462114657382,4.04356458946777
"893",3.08639207059264,0.17063048487931,3.82420771405442
"894",2.40155739144536,0.607660849682764,-0.842468518577847
"895",-0.591441882337348,0.632937921084591,0.122961240300389
"896",-0.514859115330846,1.59951364524656,4.49524564850397
"897",2.31283034186389,0.281613505189345,2.93478842030256
"898",0.650634901851016,-0.381010446065834,4.48354538802959
"899",3.6517929292672,-0.377936767895579,-2.63351779810949
"900",-0.303307429716314,1.38406948113991,-4.09300970703964
"901",-3.3311074634061,2.21748540812376,1.51939447895696
"902",0.195257379203195,-0.726131502461843,-2.9978164277597
"903",-1.29962618757055,0.0525627895140561,-1.37275491724829
"904",-2.14145046263896,-0.0971946854445241,-4.51021317885649
"905",-0.91056845884135,1.55302614969501,0.516803324296263
"906",0.296061237667519,-0.155707895356368,5.21190718536799
"907",2.41615224609793,0.929593980611813,0.87372396058333
"908",1.95738715692844,1.59734678571552,1.83818082381961
"909",1.8804680220011,-2.46654537261334,1.21563926905506
"910",2.0586790878315,1.69522243902485,-2.61526215029421
"911",-1.18769758497104,0.36169284521663,5.91750861681429
"912",3.6584637597611,0.0672132236635682,-3.6480582209964
"913",-1.84132148061147,-1.14522529388807,2.1031440819349
"914",0.503215556022739,-0.393046809341465,-3.56936190833119
"915",-0.734931619433583,-0.650279375373151,0.167265453963919
"916",-0.426962816540686,0.584678852454355,3.15785577663211
"917",1.76832014873601,-0.908387186459496,1.04721152213093
"918",1.61646643846904,-0.544804899482669,3.10139484741398
"919",2.69768043555043,-1.39351401390691,2.85435498056801
"920",1.34129612851218,1.04390441402167,2.7325602095657
"921",3.81839291470866,0.11318706391875,-3.53240812206932
"922",-3.09965124619269,1.30846826575927,0.874295407540602
"923",-0.987855362525639,0.564121554433432,-2.67875324089169
"924",-3.14089099474891,-2.4185638476338,-1.9314561275991
"925",-1.62578625770674,-0.83269116133193,-3.12057323715771
"926",-2.96214272002747,0.0683659668576987,0.79918470176966
"927",1.29359906273036,-1.55945795770328,-1.40497779813755
"928",-0.978100012197614,0.741012421131651,7.26276113580607
"929",4.88045852984177,0.57670416559279,2.63254792139225
"930",4.34057645669345,1.31492888354928,-2.64505099136057
"931",-2.14004772290075,-0.0410994952537586,8.99877140544123
"932",6.01297030929522,0.0841033749760692,-1.20984092053334
"933",0.948676688253149,1.29166309933394,7.24686932353747
"934",2.9007141997372,-1.84572754715129,0.669087887013898
"935",1.80483377975093,-1.94986156125218,3.78309229509002
"936",1.96314368972198,-0.130830977894941,0.86835687953067
"937",-0.175074522501331,1.71846256726341,3.50285790689123
"938",5.27912837788755,1.06167866020379,-0.766675264358686
"939",0.388673456042293,-0.334992416991375,0.0624446940166208
"940",-2.04906560272559,-0.066435267819362,4.83707776259608
"941",3.36473540534555,-0.328114999769044,0.924867049003375
"942",1.50893960593421,0.518718932649033,3.83466894858589
"943",2.81582183883845,1.14494590197223,2.12345866532524
"944",0.491992893673276,0.855396974971462,8.12101471403864
"945",6.08659214010897,2.16064265079772,1.95645256673132
"946",3.13199339969393,0.199486847776004,-1.47563102592014
"947",-1.55390377692564,-0.140154304886519,-1.06865126879006
"948",-2.62775030177916,-0.0763740722341528,-2.90943387155873
"949",-0.144814488620346,0.094305826213209,-0.504843994766708
"950",0.108420235702939,0.0690807017923185,1.88155888720221
"951",1.87055795146544,0.78453474950681,3.06908730279179
"952",3.56598279498911,0.214730731528339,-2.32343995783396
"953",-3.56683772675545,-0.406488912216296,-2.01308202570412
"954",-2.44058615611748,-0.323955070984549,-1.69986149900474
"955",-0.0061071732153517,1.63312470919716,0.982819671663807
"956",0.919067181107911,0.748833860663606,0.178755633482849
"957",-1.28457019964031,2.09889261043022,4.35310746673997
"958",3.96441133458472,-0.0860606461989343,1.25535417706128
"959",2.16382292506435,-1.58451670040349,2.25381671152305
"960",2.38804246072425,0.0861935966285511,-0.684725384438208
"961",1.88095952134605,1.87278703700911,3.77777045631259
"962",2.37842792235768,-0.563037578964442,-2.20700199546889
"963",-1.72381144042046,-1.95083532777325,3.04495310634122
"964",0.323223633281511,-1.58833323614064,0.446474017197246
"965",0.784796021900305,0.820650765684809,1.41375886246828
"966",1.07954769833967,0.60418369661631,-3.85239599394396
"967",-2.37114599708628,0.309881287939972,3.21964372522496
"968",1.73301209703464,0.157742188169417,-5.60359953764001
"969",-3.02713135017721,-1.87369508678999,1.85748001006089
"970",1.10284872292439,1.05201202127415,0.282081354031767
"971",1.44235090936159,-1.58773971575018,5.78936214538251
"972",3.90559032907417,2.32957209486138,-1.32915030136292
"973",-1.3281006134923,1.17946502405804,3.16352445561354
"974",3.20871664822393,-0.241083793790742,-3.52194056476343
"975",-1.06293951724764,-0.298168182271419,5.43447446747925
"976",4.23438845696726,-0.287228290334562,-0.275842725407926
"977",1.02240759288397,-1.226395099833,1.1683286572601
"978",1.31965133972684,1.60716930196,2.89054726754385
"979",2.77550081321459,1.24793520394894,2.62011948362381
"980",1.73724044273825,1.46539150560465,-1.06708747553323
"981",-1.37461685628485,0.606104613845178,6.58374558527517
"982",3.76131101372635,1.17248402547866,-1.3847752087333
"983",0.268566592460864,-1.20143601470687,-0.318408657045289
"984",1.72343389955486,-0.215796506472513,0.151270585781205
"985",-2.12184033179537,1.17713824705567,0.762147576328194
"986",0.563758301815367,0.597108044099098,-0.0756102160397647
"987",-0.342203518934954,2.00441923567356,0.921420046462299
"988",0.407414219299644,2.0227092814623,-0.957704672630076
"989",-1.93537445396494,-1.68413888286708,0.38487678248704
"990",-0.712057143854475,-0.552720851697351,-1.46580989895963
"991",0.998447032255157,0.534860795062049,-1.20098212323634
"992",0.632679502108845,-0.200367066184336,2.37194966217839
"993",2.94953351502467,-0.132922293774849,-5.30304230812855
"994",-3.6154891142885,1.83710792835569,1.39966201407868
"995",1.3933256082303,0.81016103631818,-1.95370735351552
"996",-3.71481316319084,0.878446041209523,-0.676475033457905
"997",-1.58707965373274,-0.357979153948001,3.01187959843794
"998",0.594590718213851,-2.76336353604007,0.456988478493262
"999",1.20773648768163,-0.739430506459078,-0.824538470714695
"1000",1.29455600269422,-2.31255754225844,-2.53579867230725
