date,SPY,XLI,XLE,XLK,XLV,XLU,XLF,XLY,XLP,XLB,XLC,XHB,DBC,USO,UGA,UNG,CORN,SOYB,CANE,WEAT,CPER,SLV,GLD,PALL,TLT,IEF,IEI,SHY,MBB,VCIT,USHY,UUP,FXE,FXB,FXY,FXA
2000-01-03,145.4375,28.8438,26.5625,55.4375,30.2969,27.4531,18.5749,30.125,22.75,25.9688,,,,,,,,,,,,,,,,,,,,,,,,,,
2000-02-01,140.9375,27.0,27.25,51.625,30.5,27.4375,18.8286,28.1875,23.0,23.75,,,,,,,,,,,,,,,,,,,,,,,,,,
2000-03-01,138.4375,25.5469,26.8125,56.4375,28.375,25.3438,16.9509,25.3906,20.3281,20.7656,,,,,,,,,,,,,,,,,,,,,,,,,,
2000-04-03,151.25,29.3281,29.8125,58.0,30.6563,26.9063,20.6557,30.1406,22.1875,23.7969,,,,,,,,,,,,,,,,,,,,,,,,,,
2000-05-01,147.0625,30.3125,29.3438,55.7813,30.4063,28.4844,19.4503,29.5313,22.625,22.25,,,,,,,,,,,,,,,,,,,,,,,,,,
2000-06-01,145.3125,29.7344,31.9688,51.5,29.3125,28.625,21.0109,27.3125,24.0,21.6406,,,,,,,,,,,,,,,,,,,,,,,,,,
2000-07-03,147.2813,28.6563,30.5313,54.5625,29.5,28.0625,19.6407,25.9375,25.2813,20.1875,,,,,,,,,,,,,,,,,,,,,,,,,,
2000-08-01,143.875,28.9375,29.7344,50.7188,29.375,28.2813,21.1251,26.375,25.125,19.8281,,,,,,,,,,,,,,,,,,,,,,,,,,
2000-09-01,152.5,31.8438,32.7031,56.5625,30.125,29.0938,22.7365,25.4219,23.875,20.0625,,,,,,,,,,,,,,,,,,,,,,,,,,
2000-10-02,143.8438,30.25,33.4375,46.0313,29.4375,32.4688,23.8784,24.5,24.9375,17.75,,,,,,,,,,,,,,,,,,,,,,,,,,
2000-11-01,142.4688,31.2813,32.9063,42.875,29.7031,33.9531,23.244,24.7813,26.6875,19.6094,,,,,,,,,,,,,,,,,,,,,,,,,,
2000-12-01,132.2188,30.4531,30.875,35.2031,27.0,33.4844,22.026,24.0,27.2344,19.9063,,,,,,,,,,,,,,,,,,,,,,,,,,
2001-01-01,131.1875,31.25,33.1875,31.3125,27.25,33.1875,23.9545,25.5938,28.5625,21.4219,,,,,,,,,,,,,,,,,,,,,,,,,,
2001-02-01,137.93,30.96,31.72,37.28,29.61,31.7,23.9301,28.53,26.71,20.96,,,,,,,,,,,,,,,,,,,,,,,,,,
2001-03-01,124.6,29.28,32.1,28.8,28.56,31.62,22.3142,26.1,26.39,21.14,,,,,,,,,,,,,,,,,,,,,,,,,,
2001-04-02,114.2,26.4,30.13,24.2,26.49,31.39,21.6484,26.1,24.39,20.08,,,,,,,,,,,,,,,,,,,,,,,,,,
2001-05-01,127.05,29.9,33.65,29.5,29.25,33.11,22.5172,27.6,25.48,22.35,,,,,,,,,,,,,,,,,,,,,,,,,,
2001-06-01,126.73,30.78,33.4,28.1,29.81,32.75,23.2724,27.85,25.91,23.14,,,,,,,,,,,,,,,,,,,,,,,,,,
2001-07-02,124.13,29.32,30.27,28.15,29.76,31.24,23.3455,27.94,24.87,22.29,,,,,,,,,,,,,,,,,,,,,,,,,,
2001-08-01,122.11,29.0,29.89,26.92,28.93,31.23,22.9395,28.87,25.05,21.9,,,,,,,,,,,,,,,,,,,,,,,,,,
2001-09-03,114.15,27.85,28.73,23.02,27.49,29.77,21.3317,26.37,25.17,21.91,,,,,,,,,,,,,,,,,,,,,,,,,,
2001-10-01,104.27,23.46,25.46,19.0,23.06,29.51,19.9837,22.95,25.27,19.26,,,,,,,,,,,,,,,,,,,,,,,,,,
2001-11-01,108.51,24.59,27.27,22.09,23.95,27.95,20.0812,24.63,25.48,20.15,,,,,,,,,,,,,,,,,,,,,,,,,,
2001-12-03,113.37,26.27,25.7,24.19,26.38,27.42,20.747,27.0,25.99,21.68,,,,,,,,,,,,,,,,,,,,,,,,,,
2002-01-01,114.3,27.7,26.7,24.0,26.95,28.03,21.356,28.6,25.4,21.42,,,,,,,,,,,,,,,,,,,,,,,,,,
2002-02-01,112.65,25.75,25.89,23.3,26.7,27.08,20.8526,29.24,25.25,21.82,,,,,,,,,,,,,,,,,,,,,,,,,,
2002-03-01,113.74,27.22,27.01,21.69,28.51,27.55,21.0312,29.98,26.25,23.42,,,,,,,,,,,,,,,,,,,,,,,,,,
2002-04-01,114.57,27.23,29.09,21.91,29.32,27.89,22.0057,29.48,26.05,23.58,,,,,,,,,,,,,,,,,,,,,,,,,,
2002-05-01,109.18,25.44,28.02,18.89,29.94,26.72,21.6321,29.36,25.49,22.62,,,,,,,,,,,,,,,,,,,,,,,,,,
2002-06-03,104.37,24.51,26.5,17.72,29.31,25.65,20.9988,28.28,24.28,23.34,,,,,,,,,,,,,,,,,,,,,,,,,,
2002-07-01,97.03,23.32,25.95,15.15,26.52,23.75,19.9919,26.64,22.47,23.05,,,,,,,,,,,,,,,82.51,82.79,,81.31,,,,,,,,
2002-08-01,88.78,22.0,21.24,13.69,26.13,20.38,18.2541,23.45,21.1,20.43,,,,,,,,,,,,,,,83.0,82.86,,81.42,,,,,,,,
2002-09-02,91.78,22.15,22.91,14.2,27.14,21.5,19.0662,24.92,21.47,20.45,,,,,,,,,,,,,,,87.08,84.6,,81.61,,,,,,,,
2002-10-01,85.72,20.37,21.83,12.47,26.17,18.97,17.499,23.3,20.38,18.79,,,,,,,,,,,,,,,88.94,86.54,,81.86,,,,,,,,
2002-11-01,90.27,20.75,22.12,15.2,27.13,18.33,18.5789,24.56,20.82,19.1,,,,,,,,,,,,,,,85.98,85.4,,81.94,,,,,,,,
2002-12-02,94.13,21.69,22.51,17.15,27.44,18.49,19.0012,25.5,19.83,20.56,,,,,,,,,,,,,,,85.24,83.57,,81.62,,,,,,,,
2003-01-01,88.23,20.59,22.33,14.8,26.55,19.15,17.8644,23.11,19.94,19.84,,,,,,,,,,,,,,,88.57,86.15,,82.31,,,,,,,,
2003-02-03,86.23,19.65,21.94,14.58,26.35,18.76,17.6776,22.42,19.33,18.9,,,,,,,,,,,,,,,87.88,85.08,,82.08,,,,,,,,
2003-03-03,84.09,19.1,22.49,14.27,25.74,17.82,16.9062,21.9,18.52,18.28,,,,,,,,,,,,,,,90.24,87.03,,82.37,,,,,,,,
2003-04-01,86.04,19.58,22.74,14.47,27.09,18.53,17.3041,23.0,18.51,18.58,,,,,,,,,,,,,,,88.27,86.16,,82.36,,,,,,,,
2003-05-01,91.9,21.08,22.24,15.76,27.68,19.72,18.9687,25.16,19.1,19.9,,,,,,,,,,,,,,,89.02,86.12,,82.38,,,,,,,,
2003-06-02,97.35,22.2,24.61,16.86,27.95,22.2,20.1218,26.99,20.02,20.86,,,,,,,,,,,,,,,93.51,88.72,,82.53,,,,,,,,
2003-07-01,98.53,22.44,24.03,17.31,29.49,21.97,20.1705,27.03,20.33,20.68,,,,,,,,,,,,,,,91.69,88.02,,82.61,,,,,,,,
2003-08-01,98.51,22.95,23.14,17.51,28.45,20.55,20.3979,27.56,19.93,22.13,,,,,,,,,,,,,,,82.51,83.0,,82.0,,,,,,,,
2003-09-01,101.44,24.03,24.68,18.44,27.82,21.05,20.5603,29.0,20.47,22.98,,,,,,,,,,,,,,,83.65,83.25,,82.05,,,,,,,,
2003-10-01,102.08,23.75,24.4,18.68,28.31,21.93,21.153,28.34,20.69,22.2,,,,,,,,,,,,,,,87.52,86.24,,82.65,,,,,,,,
2003-11-03,105.99,24.85,24.13,20.08,27.92,22.16,22.298,30.32,21.43,23.96,,,,,,,,,,,,,,,84.44,84.0,,82.14,,,,,,,,
2003-12-01,107.6,25.59,24.72,20.1,29.06,22.16,22.233,30.65,21.45,25.18,,,,,,,,,,,,,,,84.24,83.6,,81.92,,,,,,,,
2004-01-01,111.28,26.76,27.55,20.38,30.15,23.33,22.842,31.49,21.78,26.69,,,,,,,,,,,,,,,85.45,84.7,,82.47,,,,,,,,
2004-02-02,113.97,26.98,28.33,21.25,31.38,23.67,23.7271,31.22,21.87,25.39,,,,,,,,,,,,,,,86.5,85.22,,82.48,,,,,,,,
2004-03-01,116.16,26.97,30.22,20.96,31.4,24.38,24.4336,32.19,23.28,27.28,,,,,,,,,,,,,,,88.27,86.52,,82.71,,,,,,,,
2004-04-01,113.78,26.56,29.0,20.37,30.14,24.39,24.125,31.89,22.79,26.32,,,,,,,,,,,,,,,88.91,87.08,,82.75,,,,,,,,
2004-05-03,112.15,26.7,30.53,19.5,31.26,23.44,22.9882,31.55,23.32,25.0,,,,,,,,,,,,,,,83.42,83.2,,81.89,,,,,,,,
2004-06-01,112.71,27.05,30.16,20.01,30.92,23.53,23.1344,31.56,23.05,25.56,,,,,,,,,,,,,,,82.02,82.1,,81.61,,,,,,,,
2004-07-01,112.94,28.23,31.52,20.32,30.13,23.48,23.045,31.44,22.86,26.24,,,,,,,,,,,,,,,83.47,82.94,,81.58,,,,,,,,
2004-08-02,111.07,27.99,32.41,19.49,28.89,24.3,22.8502,30.61,22.17,26.33,,,,,,,,,,,,,,,84.37,83.59,,81.71,,,,,,,,
2004-09-01,111.32,27.89,32.51,18.72,29.51,25.02,23.3617,30.47,22.34,26.72,,,,,,,,,,,,,,,87.51,85.59,,82.14,,,,,,,,
2004-10-01,113.65,28.78,35.43,19.6,29.06,25.25,23.4998,31.59,21.88,27.7,,,,,,,,,,,,,,,87.45,85.28,,81.85,,,,,,,,
2004-11-01,113.51,28.76,34.93,20.12,27.89,26.48,23.3049,32.59,21.75,27.32,,,,,,,,,,,,,44.38,,88.52,85.78,,81.96,,,,,,,,
2004-12-01,119.23,30.98,36.61,21.41,29.18,27.2,24.4255,34.35,22.64,29.78,,,,,,,,,,,,,45.38,,86.45,84.21,,81.45,,,,,,,,
2005-01-03,120.3,30.8,34.98,20.93,29.84,27.53,24.7016,35.06,23.08,29.43,,,,,,,,,,,,,43.02,,88.74,85.12,,81.44,,,,,,,,
2005-02-01,118.91,30.29,38.19,20.04,29.53,28.63,24.5148,33.81,23.36,29.06,,,,,,,,,,,,,42.1,,91.22,85.37,,81.25,,,,,,,,
2005-03-01,121.23,30.65,43.0,20.19,30.37,29.13,24.328,33.98,23.51,31.13,,,,,,,,,,,,,43.22,,89.71,84.03,,80.84,,,,,,,,
2005-04-01,117.43,30.14,43.93,19.39,29.6,29.25,22.7365,32.9,22.8,30.07,,,,,,,,,,,,,42.62,,89.3,83.58,,80.73,,,,,,,,
2005-05-02,116.4,29.48,41.28,18.85,31.03,30.13,23.1506,31.21,22.95,28.24,,,,,,,,,,,,,42.88,,92.09,85.33,,80.92,,,,,,,,
2005-06-01,120.5,30.36,42.47,20.3792,31.37,30.42,23.9627,33.1103,23.47,28.25,,,,,,,,,,,,,41.53,,95.81,87.08,,81.2,,,,,,,,
2005-07-01,119.53,29.48,45.44,19.97,30.99,31.85,23.9545,32.86,22.83,27.12,,,,,,,,,,,,,42.7,,95.2,85.95,,80.83,,,,,,,,
2005-08-01,123.65,30.48,48.1,21.06,31.89,31.85,24.3037,34.65,23.36,28.5,,,,,,,,,,,,,43.13,,92.42,84.36,,80.52,,,,,,,,
2005-09-01,122.49,29.66,51.96,20.8,31.63,32.99,23.9626,33.17,23.04,27.52,,,,,,,,,,,,,44.22,,95.08,86.03,,80.97,,,,,,,,
2005-10-03,122.6,29.98,53.53,20.87,31.38,33.98,23.9139,32.4,23.25,27.39,,,,,,,,,,,,,46.42,,91.12,83.84,,80.36,,,,,,,,
2005-11-01,120.49,29.64,49.12,20.38,30.3,30.83,24.6122,31.85,23.04,27.65,,,,,,,,,,,,,45.73,,89.28,82.78,,80.12,,,,,,,,
2005-12-01,126.69,31.81,51.12,22.04,31.07,31.52,26.017,33.48,23.54,30.25,,,,,,,,,,,,,50.17,,89.47,82.88,,80.1,,,,,119.56,,,
2006-01-02,124.51,31.42,50.31,20.9,31.72,31.39,25.7166,32.65,23.29,30.28,,,,,,,,,,,,,51.58,,91.9,83.91,,80.21,,,,,118.51,,,
2006-02-01,128.39,31.78,56.29,21.73,32.33,32.24,25.9277,33.34,23.39,31.83,,45.02,24.5,,,,,,,,,,56.7,,90.04,82.8,,80.03,,,,,120.6801,,,
2006-03-01,129.37,32.75,53.23,22.08,32.53,32.48,26.6342,33.72,23.62,31.54,,44.8,23.24,,,,,,,,,,56.1,,90.48,82.54,,79.81,,,,,119.2,,,
2006-04-03,129.73,33.92,54.7,22.27,31.96,30.87,26.4718,33.54,23.68,32.75,,44.13,24.05,544.16,,,,,,,,13.812,58.47,,86.57,81.23,,79.68,,,,,121.49,,,
2006-05-01,130.4,34.62,58.08,21.67,30.72,31.03,27.1457,33.9,23.82,33.72,,41.88,25.9,572.0,,,,,,,,13.87,65.16,,83.2,80.08,,79.59,,,,,125.93,,,
2006-06-01,128.73,34.29,55.7,20.78,30.77,32.15,26.8453,34.04,24.01,32.5,,37.44,25.2092,534.56,,,,,,,,12.04,62.56,,83.71,80.27,,79.6,,,,,128.0,182.4,,73.35
2006-07-03,127.8,33.93,57.36,20.48,30.3,32.65,26.5692,33.44,24.33,32.48,,33.79,25.97,559.44,,,,,,,,11.38,62.18,,83.91,79.97,,79.4,,,,,128.03,184.11,,74.38
2006-08-01,127.22,31.69,58.72,19.52,31.89,34.26,26.7803,31.98,24.45,30.65,,30.82,25.98,561.2,,,,,,,,11.76,64.32,,85.46,81.05,,79.7,,,,,128.3,187.71,,76.6
2006-09-01,131.42,32.48,56.5,21.28,32.97,34.8,27.2188,33.19,25.66,32.19,,31.51,24.95,510.0,,,,,,,,12.96,62.14,,87.76,82.27,,80.05,,,,,128.46,190.62,,76.74
2006-10-02,133.08,33.44,52.84,21.84,33.0,34.24,28.0471,35.03,25.21,31.7,,33.14,23.69,442.48,,,,,,,,11.435,59.15,,89.3,82.97,,80.11,,,,,127.38,188.77,,74.87
2006-11-01,136.86,34.11,55.16,22.77,33.06,36.01,28.5911,36.92,25.63,33.28,,33.88,24.5,416.96,,,,,,,,12.444,61.36,,89.96,83.22,,80.11,,,,,127.64,191.01,,77.61
2006-12-01,140.22,34.92,60.72,23.32,33.23,36.72,28.8022,37.63,25.53,34.72,,37.22,25.77,440.4,,,,,,,,13.958,64.12,,91.42,83.94,,80.31,,,,,133.44,198.06,,78.98
2007-01-01,141.62,35.01,58.63,23.26,33.49,36.72,29.8335,38.36,26.12,34.81,,37.39,24.58,412.8,,,,,,,,12.864,63.21,,88.43,82.44,99.92,79.96,,,,,132.31,196.5,,79.41
2007-02-01,144.61,36.05,58.3,23.63,34.8,36.9,30.3045,39.6,26.75,36.69,,38.75,23.9,382.72,,,,,,,,13.605,65.22,,87.09,81.74,99.53,79.78,,,,25.07,130.24,196.73,82.69,77.44
2007-03-01,140.51,35.28,56.72,23.07,33.56,38.65,29.1595,38.06,26.3,37.06,,35.97,25.03,409.92,,,,,,,,13.54,65.82,,89.74,83.31,100.68,80.22,100.86,,,24.97,131.91,196.03,85.29,78.55
2007-04-02,142.16,35.61,60.87,23.44,33.83,40.65,28.6642,38.16,26.72,38.04,,32.16,25.13,428.48,,1624.64,,,,,,13.242,65.85,,88.1,82.86,100.64,80.18,100.7,,,24.8455,133.82,197.8828,84.91,81.75
2007-05-01,148.67,37.43,63.65,24.54,36.19,41.99,30.1096,39.04,27.29,38.46,,34.48,25.62,402.88,,1638.4,,,,,,13.188,66.69,,88.49,82.96,100.63,80.09,100.65,,,24.64,136.14,199.98,83.51,82.9044
2007-06-01,154.08,39.28,68.92,25.65,36.77,41.61,30.8729,40.33,27.9,41.47,,35.23,25.7,395.68,,1643.52,,,,,,13.637,66.44,,85.59,81.12,99.12,79.74,99.35,,,24.93,134.3,198.19,82.0,83.33
2007-07-02,151.79,39.32,70.21,25.82,35.51,40.15,29.6305,39.54,27.27,41.15,,30.2,25.86,428.24,,1390.396,,,,,,12.588,65.02,,85.29,80.9,99.33,79.91,98.79,,,24.75,136.31,201.74,81.72,86.0844
2007-08-01,146.43,39.7,68.82,25.8,33.86,38.86,27.0158,37.05,26.67,39.65,,26.3,26.15,462.08,,1297.92,,,,,,12.89,65.93,,87.13,82.05,100.25,80.2,98.95,,,24.66,136.7,203.1,84.02,85.264
2007-09-03,147.59,39.42,69.83,26.04,34.4,38.6,27.4056,37.23,26.9,39.15,,24.85,25.69,446.24,,1086.4,,,,,,11.998,66.52,,88.88,84.14,102.3,81.25,100.4,,,24.79,136.62,202.75,86.32,82.18
2007-10-01,154.3,41.61,76.1,27.26,35.89,40.34,28.3962,37.31,27.9,42.9,,22.09,27.82,492.72,,1257.92,,,,,,13.646,73.9,,88.88,83.67,102.09,81.04,100.29,,,24.08,142.43,204.4334,86.36,89.54
2007-11-01,151.03,39.86,74.45,28.09,35.51,41.58,25.9845,35.72,27.85,42.34,,21.07,30.11,577.36,,1412.16,,,,,,14.003,77.93,,90.75,84.86,103.05,81.31,101.01,,,23.83,144.48,207.99,87.35,91.51
2007-12-03,147.68,39.0,73.75,26.1,36.24,43.15,24.9695,34.47,29.08,41.44,,18.78,30.53,565.6,,1144.0,,,,,,14.007,78.28,,94.75,87.63,106.0,82.4099,102.16,,,23.77,146.73,206.67,90.42,88.09
2008-01-01,146.21,39.16,79.35,26.66,35.31,42.33,23.4917,32.7,28.8,41.7,,19.35,31.56,606.08,,1160.0,,,,,,14.697,82.46,,93.045,87.01,105.52,82.19,101.8,,,23.7,146.4,199.62,89.6,88.03
2008-02-01,139.58,37.85,71.35,23.65,33.86,40.24,24.1007,32.87,27.47,40.92,,23.36,31.91,563.76,49.27,1205.76,,,,,,16.6187,89.3499,,95.23,89.94,108.57,83.42,103.21,,,23.53,148.04,196.73,93.77,90.56
2008-03-03,133.5,36.78,77.0,22.14,32.79,38.18,20.6902,31.25,27.4,41.55,,19.47,36.63,650.56,49.81,1453.76,,,,,,20.1626,97.24,,93.64,90.2501,109.62,84.03,102.41,,,22.9,152.15,198.46,96.77,94.14
2008-04-01,136.61,38.25,75.45,23.05,31.67,38.92,21.6159,32.1,28.2,41.45,,23.42,35.57,648.48,48.84,1487.36,,,,,,16.6,86.8599,,93.9299,90.58,109.5,83.76,102.61,,,22.75,156.04,197.5,97.67,90.58
2008-05-01,141.12,38.75,79.96,24.8,32.04,40.35,22.3467,33.26,28.15,42.01,,23.0,37.05,723.04,53.2099,1618.88,,,,,,15.994,83.99,,92.78,88.88,107.36,83.05,102.72,,,22.8,154.66,197.53,95.5,93.49
2008-06-02,138.9,38.51,86.51,24.99,31.7,41.01,19.8051,31.99,28.24,44.17,,19.79,41.09,824.4,62.928,1814.4,,,,,,16.642,87.96,,90.3,87.52,106.44,82.85,101.75,,,22.68,155.44,196.73,95.4,95.54
2008-07-01,128.38,33.99,88.85,22.75,30.58,40.91,16.5002,28.12,26.72,40.96,,16.76,45.57,916.72,65.66,2031.36,,,,,,17.9,92.66,,91.79,87.47,106.36,82.65,100.78,,,22.47,157.888,199.47,93.97,95.43
2008-08-01,126.16,34.25,74.39,22.1,31.71,36.99,17.5639,28.25,27.35,39.65,,17.31,39.95,808.32,57.21,1401.92,,,,,,17.28,89.57,,91.54,88.08,107.09,82.78,100.34,,,22.79,155.47,197.44,92.5554,92.94
2008-09-01,128.79,35.22,74.65,22.75,32.61,37.66,17.3934,30.5,28.14,39.75,,19.73,37.76,742.96,54.825,1176.32,,,,,,13.37,81.71,,93.84,89.38,108.02,83.15,101.51,,,23.94,147.2,183.0,91.65,86.3399
2008-10-01,116.06,30.07,62.26,19.67,30.25,33.09,16.7844,27.9,27.8,32.85,,20.11,33.1,636.72,47.77,1106.56,,,,,,12.33,85.97,,95.78,89.28,109.09,83.54,101.4,,,24.54,140.07,177.05,94.122,78.9
2008-11-03,97.11,24.75,49.81,16.65,26.8,29.21,12.6837,22.32,24.49,25.8,,13.72,25.11,419.92,27.89,936.32,,,,,,9.62,71.1,,92.71,87.71,110.45,84.0268,100.24,,,26.6299,126.25,158.3,100.42,68.08
2008-12-01,82.11,21.21,44.93,14.15,23.64,28.12,8.5668,18.7,22.74,21.19,,10.41,21.56,319.12,22.02,874.56,,,,,,9.18,75.65,,109.4,95.32,115.06,84.66,103.7,,,26.7,125.93,148.4,106.97,63.8801
2009-01-01,90.24,23.42,47.77,15.41,26.55,29.03,10.1665,21.57,23.87,22.74,,11.98,21.19,264.8,19.461,741.44,,,,,,11.2,86.52,,119.35,98.53,115.5604,84.658,104.91,,,24.69,139.89,145.86,110.09,71.34
2009-02-02,82.58,20.14,46.17,14.91,26.4,29.14,7.503,19.1,21.96,20.76,,10.28,19.86,227.2,21.532,606.72,,,,,,12.21,88.84,,105.39,95.2,114.37,84.23,104.12,,,25.93,128.43,142.85,111.18,63.23
2009-03-02,70.6,15.98,38.12,13.78,21.99,24.55,5.7816,16.87,19.97,18.08,,8.87,18.15,195.84,21.99,544.64,,,,,,12.77,90.93,,103.28,94.43,113.606,84.09,104.71,,,26.75,125.71,140.47,102.2,62.92
2009-04-01,81.06,18.84,43.36,16.06,24.2,25.65,7.3569,20.01,21.46,22.66,,10.88,19.95,228.64,23.32,473.92,,,,,,12.84,91.03,,106.37,96.55,114.73,84.16,105.69,,,25.66,132.35,144.365,100.85,69.92
2009-05-01,87.89,22.0,47.26,17.48,24.14,26.53,8.648,23.18,22.09,25.73,,13.2,20.58,236.96,25.4,440.64,,,,,,12.31,86.95,,97.11,93.09,112.62,83.81,105.45,,,25.28,132.66,149.05,100.29,73.01
2009-06-01,94.77,23.53,53.58,18.15,26.0,27.63,10.0365,24.23,23.58,28.0,,12.33,23.87,299.44,32.74,510.784,,,,,,15.35,95.73,,91.09,89.69,110.53,83.72,104.73,,,23.67,141.61,164.25,102.98,81.15
2009-07-01,92.33,22.05,48.09,18.29,26.38,28.25,9.6468,23.23,23.38,25.86,,11.77,22.53,299.68,31.9301,437.76,,,,,,13.55,92.39,,94.08,90.36,110.69,83.68,105.12,,,23.78,141.44,164.53,102.93,80.74
2009-08-03,100.44,24.4,51.92,19.97,28.04,29.23,10.8323,25.79,24.55,30.15,,14.63,23.69,303.36,35.61,449.28,,,,,,14.03,93.87,,93.06,89.94,110.22,83.46,105.25,,,23.13,144.07,169.15,104.27,84.21
2009-09-01,100.2,24.6,50.28,19.61,28.16,29.0,11.2952,25.69,24.59,28.93,,14.94,21.77,282.16,32.91,328.64,,,,,,14.76,93.9,,96.06,91.58,111.94,83.88,105.95,,,23.41,142.08,161.36,107.05,82.68
2009-10-01,103.0,25.68,52.24,20.25,28.26,28.83,11.5956,26.87,25.23,29.73,,14.39,21.9214,289.84,32.26,352.704,,,,,,16.042,97.89,,99.7,92.81,112.86,83.99,106.78,,,22.95,145.08,159.02,110.62,86.82
2009-11-02,104.32,25.58,55.6,20.73,28.19,28.34,11.5063,27.08,26.08,29.6,,13.83,24.0,319.76,36.41,318.72,,,,,,16.16,103.95,,95.05,90.98,111.67,83.84,106.83,75.16,,22.62,147.52,163.48,109.92,90.3848
2009-12-01,111.3,27.96,57.57,22.1,31.22,30.32,11.9123,29.07,27.15,33.13,,14.64,24.84,316.96,36.67,289.28,,,,,,18.78,117.38,,95.25,92.34,112.97,83.77,107.76,75.67,,22.07,150.66,165.76,114.54,92.49
2010-01-01,111.44,27.79,57.01,22.93,31.07,31.02,11.693,29.77,26.47,32.99,,15.11,24.62,314.24,36.58,322.56,,,,,,16.539,107.31,43.17,89.89,88.6,110.16,82.96,105.98,74.89,,23.08,142.91,161.13,106.61,90.07
2010-02-01,109.06,27.79,56.3,21.2,31.46,29.72,11.7093,29.28,26.4,31.34,,15.16,23.24,293.76,34.25,313.6,,,,,,16.36,108.35,43.2494,91.15,90.09,111.63,83.5,107.07,75.89,,23.35,139.05,159.1,109.44,89.15
2010-03-01,111.89,29.22,56.66,21.97,31.7,29.56,11.9529,31.0,27.22,31.98,,16.25,23.39,306.8,35.68,272.96,,,,,,16.11,109.43,43.26,91.34,90.55,112.12,83.58,107.04,76.14,,23.72,135.32,149.42,111.34,90.07
2010-04-01,117.8,31.44,58.54,23.06,32.31,30.07,13.0572,33.07,28.11,34.51,,16.98,23.98,329.92,38.54,233.28,,,,,,17.54,110.26,48.92,88.95,89.06,110.82,83.26,106.482,76.21,,23.66,135.51,152.34,105.6,92.09
2010-05-03,120.35,33.22,60.59,23.71,31.03,30.83,13.3739,35.52,27.79,33.97,,19.51,24.56,331.68,39.85,223.36,,,,,,18.42,115.73,54.16,91.69,90.21,111.54,83.38,106.87,77.06,,24.11,131.61,151.84,104.79,92.664
2010-06-01,107.53,28.94,50.53,21.43,28.55,28.09,11.6687,31.88,26.29,29.76,,16.58,21.55,265.44,32.47,230.4,25.15,,,,,18.02,119.91,45.65,96.85,92.96,113.53,83.77,108.12,76.76,,25.35,122.03,145.88,108.85,83.34
2010-07-01,102.76,27.35,49.5,20.32,27.96,28.13,11.1084,29.37,25.55,28.21,,14.19,21.24,262.96,32.7,259.84,26.51,,,,,17.44,117.04,43.076,101.6,95.38,115.06,84.02,109.15,78.18,,24.6,124.77,151.16,113.13,84.35
2010-08-02,112.76,30.89,55.72,22.38,29.11,31.0,12.2452,32.11,27.29,32.87,,15.46,23.33,291.84,35.67,253.76,27.61,,,,,17.96,115.54,51.13,98.75,95.74,115.94,84.12,109.7,79.71,,23.52,131.26,158.15,114.5,91.287
2010-09-01,108.46,29.31,53.11,21.22,28.75,31.48,11.4344,31.23,26.95,31.97,,14.7225,22.64,263.6,31.7,200.608,29.8,,,,,18.96,121.69,51.75,106.0,98.3,117.31,84.2225,109.53,80.85,,23.93,127.56,153.76,117.3,90.95
2010-10-01,114.61,31.31,56.81,23.03,30.49,31.55,11.7742,33.45,27.93,33.21,,15.8,24.16,285.04,35.1,194.224,30.6701,,,,,21.65,128.91,57.13,104.61,98.83,118.13,84.32,108.92,81.82,,22.65,137.25,157.56,118.8,97.345
2010-11-01,118.53,32.18,59.31,24.37,31.17,31.41,11.823,35.19,28.65,34.78,,15.52,25.34,286.48,35.37,176.64,37.25,,,,,24.07,131.92,64.85,99.67,98.37,118.61,84.46,109.59,82.05,,22.41,138.36,159.57,122.74,98.61
2010-12-01,121.01,33.45,64.57,24.46,30.85,31.12,11.9793,36.92,28.78,36.15,,16.2,25.81,297.6,39.68,188.16,35.8,,,,,27.81,135.38,73.3,95.894,96.13,116.47,84.06,105.9,80.07,,23.3,130.87,155.4,117.52,96.89
2011-01-03,127.05,35.12,68.76,25.47,31.7875,31.4925,13.2359,37.85,29.35,38.72,,17.65,27.67,312.4,42.08,201.92,38.46,,,,,29.98,138.0,79.27,93.41,93.53,114.71,83.96,105.44,78.6299,,22.8225,132.97,153.92,120.93,101.69
2011-02-01,130.74,36.75,74.34,26.43,32.25,32.04,13.5932,37.62,29.09,39.47,,18.0,28.74,304.56,43.21,188.8,41.46,,,,,27.87,130.8,81.97,90.45,93.13,114.79,83.93,104.9,79.0,,22.14,137.78,160.56,121.475,101.15
2011-03-01,130.93,36.225,77.07,26.05,32.4125,31.785,13.3902,38.66,29.49,38.49,,17.33,30.1675,323.84,48.8201,165.6,43.78,,,,,33.8725,140.03,81.08,92.37,93.26,114.63,83.91,105.12,79.41,,22.12,137.16,161.59,120.6,101.35
2011-04-01,133.15,37.98,79.99,26.01,33.28,32.12,13.4226,39.3,30.07,40.17,,18.35,30.72,345.36,51.2,181.28,44.36,,,,,36.86,139.2,76.76,92.19,92.96,114.08,83.75,105.08,79.09,,21.77,141.66,160.15,117.45,103.89
2011-05-02,136.22,38.64,79.41,26.64,35.6,33.17,13.244,40.69,31.56,40.58,,18.88,31.58,359.44,54.72,193.76,45.2516,,,,,42.83,150.414,76.71,93.64,94.2,115.66,84.05,105.9,80.33,,20.97,147.74,165.5,121.52,109.464
2011-06-01,131.87,36.4,75.27,25.91,35.61,33.52,12.4279,39.52,31.98,38.51,,18.41,29.87,316.16,49.67,188.08,45.69,,,,,35.75,149.91,76.9,97.64,97.14,117.78,84.36,107.12,81.64,,21.39,142.81,162.27,122.0,106.16
2011-07-01,133.92,37.91,76.06,26.12,35.96,33.88,12.6918,41.02,31.47,39.73,,18.45,29.0,297.2,50.03,173.84,41.14,,,,,33.0,144.93,75.1,93.63,95.39,116.75,84.21,106.25,80.36,,21.2,144.74,159.61,122.08,107.83
2011-08-01,128.78,34.46,76.34,25.79,33.54,33.27,11.9773,39.44,30.72,37.88,,16.58,30.28,297.6,52.48,169.28,46.21,,,,,38.29,157.72,82.2,98.58,98.78,119.27,84.39,107.25,82.45,,21.14,142.0,161.81,127.87,109.68
2011-09-01,120.94,31.87,68.12,24.17,33.18,33.67,10.6212,37.11,30.78,34.86,,14.77,29.95,275.76,51.77,162.88,48.58,24.55,25.11,24.57,,40.52,177.87,77.91,108.97,103.59,121.53,84.68,108.4,82.72,,21.16,142.15,160.66,128.38,107.41
2011-10-03,109.93,28.4,56.52,23.07,30.72,32.82,9.1596,33.84,29.23,28.53,,12.55,25.62,237.92,45.37,141.92,39.83,21.72,23.47,22.8,,29.49,160.96,57.91,123.81,105.83,121.79,84.54,108.05,80.54,,22.51,131.55,153.39,128.64,95.65
2011-11-01,122.002,32.41,67.46,25.29,32.92,34.12,10.4425,38.18,30.5,33.53,,15.52,27.39,281.6,47.7,139.04,43.24,22.21,24.62,23.1,25.18,32.33,167.38,62.88,119.45,104.54,121.6064,84.51,107.81,82.855,,21.8,136.43,158.18,125.77,103.29
2011-12-01,124.97,33.78,70.48,25.76,33.93,35.11,10.3451,38.77,31.85,34.3,,16.63,27.535,308.88,46.76,128.32,39.38,20.75,23.24,21.49,25.3292,31.858,169.63,62.4,117.0,103.67,121.31,84.5,107.54,80.57,,22.05,134.11,155.64,126.79,102.18
2012-01-02,125.5,33.75,69.13,25.45,34.69,35.98,10.5562,39.02,32.49,33.5,,17.1,26.84,304.88,48.32,103.36,41.98,22.06,22.93,22.4,24.5,26.94,151.99,64.56,121.25,105.57,122.04,84.5,108.07,82.37,,22.47,128.92,154.1,127.93,102.62
2012-02-01,132.47,36.61,70.97,27.3,36.15,34.8,11.5956,41.46,32.26,37.55,,19.24,27.92,299.04,52.3,80.8,41.01,22.04,22.94,22.3,27.3,32.77,169.56,69.03,119.18,105.92,122.57,84.51,108.11,84.18,,22.02,130.97,156.99,129.07,107.02
2012-03-01,137.73,37.36,75.6,29.12,36.37,34.98,12.1153,43.55,33.18,37.38,,20.07,29.78,334.0,57.67,78.2,40.99,23.3572,24.2,21.69,27.7148,34.44,166.61,70.4579,116.06,104.61,121.69,84.37,107.88,84.6346,,21.96,132.48,158.15,121.29,107.96
2012-04-02,141.84,37.66,72.45,30.48,37.74,35.22,12.9273,45.21,34.35,37.49,,21.19,29.17,320.24,58.19,64.78,39.71,24.34,23.54,21.2,27.62,32.05,162.94,64.96,112.53,103.35,121.12,84.31,107.8,83.66,,21.855,132.67,158.97,119.83,104.28
2012-05-01,140.74,37.12,72.26,29.92,37.65,35.84,12.6593,45.91,34.27,36.89,,21.78,28.41,321.2,54.44,67.6,38.22,24.528,20.98,19.6,27.016,30.06,161.32,67.21,116.43,105.33,122.26,84.43,108.1,84.77,,21.83,131.72,160.77,122.67,103.35
2012-06-01,128.16,33.71,62.04,27.2,35.51,35.71,10.9541,41.74,33.16,33.1,,19.54,24.72,251.44,47.67,64.72,35.68,22.268,19.01,19.57,23.3811,27.62,157.5,60.202,130.36,109.31,123.48,84.46,108.39,85.01,,22.92,123.55,152.19,125.74,96.89
2012-07-02,136.51,35.36,66.4,28.89,38.125,37.22,11.957,43.91,34.965,35.11,,21.53,25.7,251.44,48.42,77.18,43.53,24.72,19.47,22.4,24.39,26.73,155.09,56.74,126.22,108.27,123.11,84.37,108.35,85.66,,22.52,125.17,155.64,123.59,102.59
2012-08-01,137.59,35.57,69.99,29.16,38.41,37.63,11.8473,43.36,35.45,34.85,,20.84,27.29,265.36,54.16,86.56,50.61,26.56,20.34,24.58,23.34,26.54,155.14,57.24,128.78,108.72,123.49,84.49,108.8,86.86,,22.87,121.5,153.92,125.15,104.56
2012-09-03,141.16,36.36,71.53,30.49,38.84,36.35,12.3102,45.55,35.46,35.65,,23.59,28.79,287.12,60.1588,75.28,50.94,28.42,18.7692,24.59,24.36,30.79,164.22,61.74,127.72,108.99,123.82,84.51,109.03,87.25,,22.3,124.98,157.2,125.41,103.54
2012-10-01,144.345,36.6991,73.8,30.76,40.36,36.22,12.7162,46.76,36.06,36.92,,24.7,28.72,274.0,60.6,89.32,48.36,26.07,19.0344,23.98,26.13,33.65,172.295,63.15,124.42,108.52,123.68,84.48,109.02,87.85,,21.87,128.04,159.67,125.81,103.7
2012-11-01,142.83,37.1406,72.2467,29.34,40.36,36.51,13.0694,46.6,35.41,36.73,,26.83,27.61,256.48,55.1,86.56,48.26,26.1,17.49,24.03,24.84,31.22,166.07,60.16,122.35,107.53,123.15,84.4,108.6,88.825,,21.92,128.52,159.54,122.42,104.0
2012-12-03,141.45,36.73,70.6703,29.09,40.1499,35.1,12.7487,47.28,35.8995,36.02,,26.21,28.17,260.8,57.48,81.96,47.98,24.79,17.814,23.47,25.47,32.52,166.1267,67.81,124.66,108.62,123.75,84.43,108.03,88.38,,21.85,129.58,159.15,119.27,104.22
2013-01-01,142.41,37.9,71.42,28.85,39.8805,34.9205,13.309,47.4391,34.9,37.54,,26.6,27.78,266.96,58.44,75.6,44.32,24.07,17.84,21.3199,26.01,29.37,162.0204,69.22,121.18,107.49,123.22,84.42,107.99,87.66,,21.81,130.96,160.71,113.03,104.15
2013-02-01,151.24,40.47,78.07,29.73,43.25,36.68,14.2996,50.42,37.17,39.5,,28.75,28.58,282.8,64.06,74.16,45.18,24.94,17.23,20.73,26.38,30.78,161.45,74.22,115.54,105.6,122.56,84.4,107.63,86.6,,21.6,135.49,155.25,105.56,104.01
2013-03-01,152.11,40.9,77.79,29.68,43.78,37.5,14.324,51.05,38.22,38.51,,28.39,26.94,261.92,61.96,76.28,42.69,24.11,16.51,19.1696,24.4267,27.62,152.44,70.68,118.9,107.3,123.46,84.46,107.98,87.46,,22.44,129.17,148.42,104.76,102.02
2013-04-01,156.05,41.25,79.15,30.07,46.07,39.01,14.7137,52.6,39.75,38.84,,29.55,27.31,277.44,61.32,87.88,40.2,23.11,16.12,17.91,23.25,27.09,154.67,76.74,118.39,107.48,123.51,84.46,107.7846,87.24,,22.52,127.34,150.48,104.95,104.2
2013-05-01,158.28,40.91,77.05,30.53,46.83,41.02,15.0142,54.32,40.9,38.85,,29.83,25.8,259.12,53.82,93.44,41.1,23.09,15.81,19.15,21.17,22.86,141.11,67.43,124.0099,109.05,124.19,84.51,108.27,88.92,,22.18,130.66,153.62,100.6,102.69
2013-06-03,164.35,43.74,81.28,31.82,48.37,37.76,16.1267,56.37,40.49,40.5,,30.63,26.18,265.28,55.55,85.24,42.09,25.39,14.98,19.04,22.82,21.9781,136.51,74.22,114.78,105.33,122.37,84.39,106.18,85.78,,22.45,129.52,151.25,98.41,97.56
2013-07-01,161.36,43.07,78.86,30.75,47.74,37.16,15.8425,56.79,39.96,38.57,,29.72,25.29,277.36,54.91,75.92,38.07,23.5854,14.85,17.12,21.6099,18.93,121.13,67.23,110.41,102.4,120.78,84.3,105.35,83.37,,22.51,129.42,150.25,98.24,92.32
2013-08-01,170.66,45.93,83.76,32.07,51.34,39.59,16.9021,60.29,41.73,40.78,,30.34,25.99,306.16,61.84,71.68,35.55,22.49,14.5399,16.989,21.72,18.97,126.61,71.6,105.3601,100.96,120.37,84.35,104.325,83.3,,22.28,130.74,149.19,98.33,89.18
2013-09-02,163.65,44.04,81.57,31.4,49.22,37.3,15.7856,57.68,39.51,40.43,,28.55,26.66,307.84,61.59,75.8,36.5,24.51,14.1899,16.57,22.0699,22.6,134.62,70.42,105.99,100.41,119.96,84.3,104.25,82.46,,22.19,130.84,152.93,99.63,89.14
2013-10-01,169.34,46.7,83.44,32.32,51.23,37.48,16.2769,61.12,40.04,42.19,,30.81,25.59,293.44,55.74,74.16,33.37,23.0473,15.2422,16.81,22.53,20.415,124.59,70.37,105.8,101.73,121.04,84.43,105.7,83.42,,21.61,133.93,159.85,99.95,94.06
2013-11-01,176.21,48.97,86.08,33.66,53.115,39.06,16.743,63.56,42.51,43.67,,30.34,25.43,273.032,54.69,69.8,32.15,22.6,15.21,16.6,22.0,21.08,126.95,72.36,106.19,102.02,121.42,84.46,105.97,84.12,,21.75,133.45,157.01,98.98,94.32
2013-12-02,180.53,50.19,86.5,34.58,55.28,37.87,17.434,65.29,42.78,44.23,,31.34,25.48,269.44,57.88,77.4,31.0,23.3048,14.55,16.09,21.45,18.46,117.58,69.42,103.33,101.09,121.39,84.5,105.2,83.68,,21.77,133.88,161.23,94.92,91.06
2014-01-01,184.69,52.26,88.51,35.74,55.44,37.97,17.7507,66.83,42.98,46.22,,33.3,25.66,282.56,59.93,82.76,30.58,22.81,14.0501,14.75,22.8999,18.71,116.12,69.62,101.86,99.24,120.03,84.38,104.57,82.7,,21.52,135.99,163.3,92.76,89.43
2014-02-03,174.17,48.64,81.89,34.09,54.86,38.79,16.6707,61.17,39.88,43.01,,30.58,24.88,276.16,55.88,97.24,31.028,22.68,13.57,13.54,21.364,18.61,121.32,68.4,109.32,102.66,121.82,84.55,106.79,84.6,,21.76,133.68,160.66,96.7,87.51
2014-03-03,184.98,51.71,87.09,35.96,59.0,40.05,17.4827,66.21,42.12,46.97,,33.69,26.49,300.16,60.87,99.52,32.97,24.49,15.0996,15.41,21.4391,20.62,130.29,73.07,109.03,102.81,121.84,84.59,106.76,85.2,,21.46,135.63,164.08,96.3,89.29
2014-04-01,188.25,52.7,89.59,36.78,58.855,41.17,18.1729,65.62,42.99,47.54,,32.88,25.8,286.64,57.9,95.36,35.04,25.54,14.88,16.35,20.59,19.06,123.39,76.0,107.89,101.33,120.53,84.38,105.84,84.75,,21.46,136.23,163.81,94.1,92.51
2014-05-01,188.325,52.9,93.53,36.49,58.25,43.39,17.8644,64.09,44.2,47.37,,31.3,26.21,289.28,59.92,104.44,34.59,25.4,15.2599,16.799,20.45,18.35,123.8,79.3,112.02,102.41,121.19,84.5,107.05,85.68,,21.27,136.89,166.26,95.34,92.7
2014-06-02,192.895,54.28,95.19,37.76,59.87,42.73,18.1486,65.9,44.93,49.28,,31.51,26.0,300.24,60.57,102.08,31.62,25.5,14.65,14.97,21.09,18.02,119.7,81.01,112.96,103.33,121.69,84.57,107.755,86.12,,21.55,134.2,164.83,95.21,92.48
2014-07-01,197.03,54.39,100.16,38.74,61.6,43.82,18.5789,67.45,44.72,49.76,,33.02,26.5,310.88,62.85,97.88,29.44,24.09,14.96,13.74,21.6,20.21,127.7,83.15,112.28,103.05,121.49,84.5,107.9,86.0,,21.27,134.98,168.75,96.0,94.96
2014-08-01,192.5,51.78,95.85,38.789,60.96,41.41,18.043,65.65,43.47,48.69,,29.51,25.12,289.52,57.22,83.68,25.6,22.18,14.2,12.76,21.809,19.52,124.38,84.14,114.56,103.57,121.49,84.55,107.78,86.21,,21.71,132.38,165.37,95.0,93.1114
2014-09-01,200.71,54.02,98.74,40.28,63.86,43.28,18.9687,68.82,45.13,50.53,,31.55,25.03,286.08,57.42,89.04,25.75,21.4299,14.0899,12.86,21.37,18.71,123.86,88.1,119.05,104.9,122.08,84.6,108.46,87.15,,22.02,129.54,163.23,93.61,93.4999
2014-10-01,194.35,52.15,88.77,39.28,63.24,42.33,18.5871,65.8,44.825,48.42,,29.16,23.14,273.2,54.6,86.24,22.88,19.23,12.9425,10.92,20.27,16.48,116.77,75.6,118.23,104.3,121.73,84.57,108.48,86.09,,22.85,124.38,159.03,89.34,87.3
2014-11-03,201.77,55.14,86.04,40.71,67.35,45.77,19.4316,68.1,46.89,48.06,,31.28,22.12,238.08,48.565,84.48,26.07,21.12,13.18,11.98,20.61,15.48,112.15,78.09,118.96,104.8,122.11,84.66,108.85,86.04,,23.2,123.09,156.99,85.54,86.91
2014-12-01,205.76,56.18,80.1,42.005,69.44,46.09,19.6711,71.02,48.975,48.65,,33.12,20.84,210.52,43.82,81.84,26.23,20.82,12.583,13.08,19.42,15.78,116.58,78.27,121.5,105.75,122.85,84.73,109.46,86.34,,23.36,122.86,154.64,82.28,85.0
2015-01-01,205.54,56.58,79.16,41.35,68.38,47.22,20.0812,72.15,48.49,48.58,,34.12,18.45,162.88,34.15,59.08,26.64,20.76,11.8799,12.736,19.0156,15.06,113.58,77.49,125.92,105.99,122.31,84.45,109.32,86.1,,23.97,119.14,153.0601,81.21,81.73
2015-02-02,201.92,55.38,77.86,40.31,69.66,48.53,18.985,70.62,48.59,48.12,,34.55,17.64,148.96,34.86,54.68,24.95,19.4871,11.572,10.72,16.68,16.47,122.42,76.16,137.48,110.23,124.93,84.92,110.25,88.57,,25.08,111.58,147.52,82.79,78.06
2015-03-02,211.99,58.02,78.47,43.43,72.89,44.36,19.9188,76.88,50.1,51.83,,36.4,17.91,146.56,37.67,54.68,25.58,20.38,11.0199,10.74,17.98,15.66,115.68,80.6,126.87,106.67,122.79,84.6,109.65,86.98,,25.25,110.0,150.85,80.93,77.68
2015-04-01,205.7,55.4,77.56,41.38,71.77,44.47,19.5615,75.02,48.8,48.92,,36.54,17.38,140.64,35.94,52.4,25.05,19.92,9.8001,11.22,18.4281,16.23,115.6,72.5434,132.13,108.73,124.29,84.88,110.31,87.93,,25.91,105.8,145.49,81.21,76.0
2015-05-01,210.72,56.33,82.87,43.1,72.68,44.47,19.7645,76.35,48.81,51.25,,35.25,18.27,163.2,40.25,54.84,23.36,19.28,9.95,10.1001,19.8499,15.47,113.08,74.82,124.0,106.78,123.37,84.8,109.84,86.92,,25.03,110.15,148.58,80.85,78.41
2015-06-01,211.57,56.06,78.19,43.49,75.24,44.56,19.9919,76.52,48.79,50.63,,36.04,17.67,162.88,40.41,51.56,22.67,18.5099,9.4901,10.31,18.5,16.0,114.0,74.81,121.13,106.28,123.25,84.78,109.59,86.02,,25.61,107.31,149.04,77.81,76.05
2015-07-01,207.5,54.33,74.2,41.68,75.19,41.71,20.0974,77.35,48.21,48.66,,36.9,17.78,152.8,40.53,53.36,26.03,20.54,9.4292,11.74,17.81,14.9,111.98,67.46,115.62,104.3,122.49,84.75,108.26,84.81,,25.23,108.53,153.15,78.85,76.48
2015-08-03,209.79,53.96,67.92,42.35,76.53,44.22,20.4466,79.95,50.38,45.59,,37.26,15.47,120.8,34.78,52.8,22.91,18.81,8.37,9.995,15.847,13.87,104.1,57.98,123.55,106.6,123.6025,84.85,109.45,85.13,,25.49,107.49,152.76,78.3,72.76
2015-09-01,191.77,49.93,64.09,38.94,68.64,41.31,18.4084,73.08,46.34,42.04,,35.3,15.17,118.48,31.85,50.84,22.45,17.65,8.18,9.56,15.44,13.94,109.2,55.1,122.03,106.67,123.59,84.77,109.21,84.39,,24.91,110.85,150.09,81.04,70.21
2015-10-01,192.13,49.78,61.32,39.52,66.9,42.78,18.4084,74.81,47.19,40.37,,34.64,15.05,116.64,31.715,44.68,23.56,17.7799,8.83,10.135,15.3676,13.9,106.73,65.21,123.81,107.79,124.53,84.95,109.55,85.13,,25.09,109.69,148.34,80.9,70.34
2015-11-02,210.39,54.9,69.62,44.04,72.86,43.8,19.8213,81.34,50.18,45.56,,36.15,15.12,118.0,31.66,37.96,22.72,17.71,9.88,9.88,15.41,14.72,108.59,62.69,121.95,106.55,123.51,84.74,109.1,85.03,,25.23,107.95,151.01,80.27,71.429
2015-12-01,210.68,55.0,68.56,44.35,72.31,43.16,20.1624,81.61,49.84,46.05,,36.75,14.35,103.6,31.32,34.88,22.128,17.95,10.14,9.22,13.78,13.51,102.28,52.11,122.83,106.8,123.43,84.58,108.54,85.32,,25.96,104.16,147.72,78.9,73.28
2016-01-01,203.87,53.01,60.32,42.83,72.03,43.28,19.3504,78.1608,50.49,43.42,,34.18,13.36,88.0,29.26,34.68,21.2199,17.33,10.06,9.14,14.27,13.19,101.46,54.17,120.58,105.59,122.61,84.36,107.7,84.09,,25.65,106.4,144.32,80.63,72.9689
2016-02-01,193.65,49.87,57.235,41.39,66.57,45.85,17.5639,74.56,50.93,38.93,,30.37,12.54,72.16,24.3201,31.48,21.69,17.51,8.83,9.18,13.72,13.67,108.05,48.56,126.67,108.7,124.87,84.82,108.92,84.02,,25.69,106.59,141.35,80.02,71.06
2016-03-01,198.11,53.14,58.06,42.19,67.65,46.07,17.702,76.41,51.41,42.87,,31.66,12.76,73.2,23.7,24.72,20.57,17.06,9.8755,8.5599,14.29,14.17,117.77,49.71,128.43,109.55,125.07,84.8,109.09,84.8399,,25.5,106.26,136.55,85.02,71.81
2016-04-01,206.92,55.73,61.06,44.7,68.55,49.81,18.4328,79.43,53.62,45.24,,34.09,13.06,74.6335,24.89,26.44,20.25,18.2201,10.391,9.03,14.405,14.34,116.93,54.35,130.68,110.14,125.71,84.93,109.24,86.83,,24.53,111.29,139.2,86.67,76.8
2016-05-02,207.97,56.45,67.43,42.44,70.19,48.81,19.0986,80.31,52.9,47.27,,34.0,14.38,88.4,27.29,26.44,21.93,19.77,11.09,9.158,15.0399,16.64,123.24,59.7,127.82,109.52,125.32,84.93,109.2,87.49,,24.01,112.49,143.5,90.91,76.6106
2016-06-01,210.27,55.97,66.89,44.08,71.61,49.28,19.326,79.19,53.2,47.0,,34.41,14.86,95.44,28.37,28.8,22.61,20.21,11.56,8.83,13.7516,15.17,115.94,52.59,130.42,109.53,125.01,84.75,109.15,87.23,,24.7,109.24,140.89,88.3,72.544
2016-07-01,209.9208,56.19,68.6,43.47,72.16,52.48,18.4653,78.87,54.89,46.36,,33.75,15.54,94.24,26.33,35.4,20.15,21.14,13.0701,7.98,14.7399,18.74,128.41,58.12,140.57,113.09,127.41,85.3,109.94,89.35,,24.76,108.61,129.87,94.24,74.96
2016-08-01,216.94,57.97,65.16,46.54,75.68,52.15,19.1555,81.75,54.76,48.42,,36.14,14.03,75.28,22.51,33.12,18.59,18.45,12.53,7.76,14.5799,19.43,129.22,68.88,139.77,112.52,126.96,85.15,109.85,89.56,,24.74,108.81,128.77,94.42,75.3
2016-09-01,217.39,58.64,68.31,47.14,72.57,48.98,19.8619,80.72,54.4,48.76,,36.02,14.23,80.48,22.93,32.96,18.12,18.1975,13.1211,7.13,13.7,17.94,125.29,64.165,139.77,111.79,126.26,84.97,109.79,89.52,,24.73,109.1,129.59,93.61,75.55
2016-10-03,215.78,58.43,70.56,47.64,72.05,48.3,19.21,79.99,52.87,47.69,,33.7,15.14,88.8,27.88,33.36,19.18,18.88,14.4961,7.09,14.39,17.87,125.32,68.32,136.81,111.47,126.26,84.98,109.88,89.23,,24.73,109.12,125.46,95.02,76.78
2016-11-01,211.01,56.72,68.63,47.01,67.0,48.53,19.66,77.55,52.57,46.48,,31.23,15.03,84.56,28.26,30.92,19.21,19.05,13.9781,7.33,14.5901,17.41,122.73,60.81,131.01,109.91,125.59,84.9,109.38,88.27,,25.29,107.52,119.44,92.78,76.52
2016-12-01,219.57,62.82,74.61,46.52,68.25,46.38,22.9,81.89,50.25,49.96,,33.53,15.49,90.64,29.334,35.44,18.45,19.72,12.72,6.73,17.3,15.66,111.54,72.14,118.73,104.71,122.39,84.41,106.71,85.24,,26.11,103.63,122.91,84.62,74.17
2017-01-02,223.53,62.22,75.32,48.36,68.94,48.57,23.25,81.4,51.71,49.7,,33.85,15.84,93.76,31.32,37.36,18.71,19.0976,12.9988,6.88,16.35,15.11,109.61,65.21,119.13,104.82,122.51,84.45,106.34,85.7,,26.46,102.26,120.26,82.52,72.18
2017-02-01,227.62,63.27,72.36,50.46,71.13,48.33,23.34,84.67,52.18,52.22,,34.5,15.92,91.84,29.16,31.6,19.54,19.65,13.976,7.29,17.6803,16.61,115.2,73.2,119.1,104.69,122.57,84.46,106.11,85.61,,25.75,104.51,123.48,85.18,75.84
2017-03-01,239.78,66.97,72.81,53.09,75.74,51.31,25.24,87.34,55.36,53.27,,36.85,15.79,91.2,27.0,27.08,19.89,19.81,13.39,7.43,17.7531,17.44,119.06,74.4,119.47,104.77,122.37,84.4,106.04,86.03,,26.29,102.28,119.8,84.77,76.82
2017-04-03,235.33,64.92,69.78,53.26,74.42,51.3,23.68,87.6,54.49,52.21,,36.96,15.15,84.4,27.16,29.76,19.17,18.0321,11.67,6.93,17.002,17.24,119.35,76.92,121.67,105.95,123.23,84.54,106.62,86.5,,25.95,103.43,121.67,86.9,76.03
2017-05-01,238.68,66.14,67.65,54.79,75.67,51.39,23.68,90.18,54.97,53.1,,37.63,14.83,81.2,24.37,29.88,19.21,18.3,11.29,7.12,17.2703,15.99,119.67,78.16,121.08,106.21,123.48,84.5,106.59,86.8,,25.59,105.57,125.58,86.14,75.31
2017-06-01,243.36,67.94,65.85,56.67,76.92,54.22,23.54,91.91,57.1,53.72,,37.9,14.49,79.28,25.5,27.48,18.9,17.53,10.04,6.78,16.849,16.38,120.72,79.14,124.15,107.1,123.94,84.54,107.11,87.58,,25.11,108.54,125.49,86.4,73.75
2017-07-03,242.21,68.53,66.17,54.34,79.38,51.72,25.03,89.54,54.89,54.28,,38.53,14.6,76.96,24.46,26.64,19.33,18.54,9.69,8.24,17.27,15.3,116.09,81.1899,124.46,106.06,123.18,84.36,106.3,87.14,,24.9,109.85,126.14,84.82,76.56
2017-08-01,247.32,68.11,66.61,57.45,79.71,53.52,25.27,91.52,55.26,54.68,,38.69,14.87,80.72,27.18,25.32,18.5,18.33,10.345,7.14,18.566,15.79,120.65,85.46,124.64,106.95,123.93,84.54,107.03,88.09,,24.11,114.07,128.56,87.15,79.68
2017-09-01,247.84,68.52,63.58,58.78,81.23,54.8,24.77,90.07,54.97,55.43,,38.36,15.12,77.36,30.27,27.16,17.56,18.03,9.7309,6.51,19.95,16.73,126.06,93.76,126.75,107.76,124.29,84.59,107.33,88.15,,24.08,114.59,126.04,87.19,79.67
2017-10-02,252.32,71.49,68.46,59.19,82.56,53.14,26.08,90.25,53.88,57.42,,40.04,15.27,81.68,27.67,25.52,17.47,18.14,9.53,6.54,18.93,15.67,120.77,87.13,124.28,106.24,123.28,84.44,106.99,87.75,41.7833,24.32,113.27,129.13,85.2,78.22
2017-11-01,257.49,71.49,68.68,62.96,81.31,54.81,26.64,92.02,53.26,59.29,,41.45,16.02,87.2,31.38,23.88,17.29,18.5532,9.65,6.18,20.08,16.18,121.11,95.75,124.75,106.06,122.97,84.21,106.73,87.73,41.805,24.63,112.09,128.84,84.14,76.77
2017-12-01,264.46,73.59,69.68,63.51,83.3,56.41,27.58,96.61,56.19,59.07,,43.64,16.3,93.36,31.3,24.4,17.08,18.6,9.78,6.17,19.7536,15.53,121.59,97.44,126.55,105.93,122.52,83.98,106.41,87.4,41.7083,24.17,114.64,130.9616,85.66,76.1
2018-01-01,266.86,75.67,72.26,63.95,82.68,52.68,27.91,98.69,56.89,60.53,,44.26,16.61,96.08,31.85,23.32,16.767,17.88,9.78,6.0,21.0591,15.99,123.65,101.55,126.86,105.57,122.16,83.85,106.59,87.39,41.5482,24.03,115.61,131.2,85.14,78.05
2018-02-01,281.58,79.59,75.62,68.51,88.13,50.24,30.02,106.61,57.57,62.09,,44.45,17.27,105.92,33.7301,24.35,17.14,18.2914,9.04,6.31,20.52,16.25,128.07,99.02,120.7,102.6,120.52,83.49,104.82,85.81,41.4877,23.13,120.47,138.69,87.78,80.45
2018-03-01,267.7,75.15,66.64,67.04,82.8,49.07,28.37,102.95,53.29,59.02,,40.15,16.63,98.8,30.4354,22.45,17.84,19.31,8.98,6.98,19.94,15.54,124.72,94.1,119.32,102.45,120.26,83.47,104.38,84.69,40.9167,23.61,117.97,133.82,90.31,77.6
2018-04-02,257.47,72.76,66.06,63.86,79.55,50.14,26.96,98.43,51.34,55.7,,39.5,16.75,101.92,31.45,22.04,17.96,18.94,8.34,6.1475,19.41,15.65,127.26,89.03,121.88,103.12,120.53,83.49,104.39,84.56,40.525,23.6,118.33,136.47,90.52,76.58
2018-05-01,264.98,71.89,73.36,66.28,82.22,51.4,27.46,103.84,50.01,56.96,,39.47,17.46,108.88,33.3,22.83,18.38,19.0048,7.74,6.9368,19.36,15.24,123.71,89.88,118.41,101.35,119.18,83.13,103.46,83.3,40.6333,24.29,115.27,132.17,87.17,74.8215
2018-06-01,273.6,75.26,76.38,71.09,83.36,50.21,27.48,106.54,49.66,59.07,49.96,39.38,17.91,106.0,34.14,24.03,17.94,18.7951,7.92,6.86,19.6461,15.44,122.49,95.38,120.3,101.93,119.68,83.27,103.83,83.5,40.4523,24.8,111.89,129.54,87.37,75.6746
2018-07-02,271.86,71.79,74.82,70.09,83.72,52.33,26.72,109.45,51.23,57.76,49.84,39.52,17.31,119.68,33.83,23.23,16.01,16.1,7.29,6.13,18.481,14.91,117.46,89.8,121.35,102.25,119.7,83.23,103.8,83.24,40.1045,25.06,111.47,127.4,86.35,73.3
2018-08-01,280.86,75.88,76.05,71.56,88.95,52.45,27.95,110.72,53.12,59.12,48.26,39.38,17.0,112.72,33.335,22.66,16.74,16.66,6.82,7.0,17.29,14.48,115.14,87.2199,118.46,101.34,119.11,83.06,103.45,83.55,40.5417,25.01,111.83,127.32,85.72,74.0
2018-09-03,290.31,77.1,74.44,75.6,92.78,53.47,28.33,116.95,53.78,59.27,49.18,40.02,17.38,117.68,34.26,23.95,16.2,15.79,6.79,6.67,16.7212,13.65,113.51,93.29,120.995,102.61,120.07,83.34,104.2,84.17,40.8,25.19,111.21,125.7201,86.09,71.96
2018-10-01,291.73,79.09,76.79,75.69,95.62,52.47,27.69,116.86,53.89,58.51,48.8,38.3,18.31,127.6,36.91,25.71,16.23,16.02,6.84,6.28,17.48,13.62,112.57,100.1799,116.15,100.71,118.75,82.93,102.99,83.26,40.6378,25.3,110.88,126.5,83.87,72.2925
2018-11-01,273.51,71.11,67.73,70.11,89.82,53.45,26.4,107.53,55.4,54.09,46.31,35.11,16.84,107.68,29.82,26.4,16.21,16.12,7.65,6.2,17.05,13.83,116.63,103.78,113.41,100.53,118.83,82.98,102.32,82.42,39.7,25.65,109.2,126.22,84.8,72.1
2018-12-03,279.3,73.38,67.58,69.44,95.41,56.15,27.14,110.01,56.31,55.57,45.08,36.07,15.64,90.16,25.203,35.14,16.3283,16.57,7.5401,6.11,17.6502,13.49,116.41,113.98,115.88,101.79,119.56,83.04,103.02,82.06,39.3033,25.93,108.48,123.47,84.05,73.59
2019-01-01,249.92,64.41,57.35,61.98,86.51,52.92,23.82,99.01,50.78,50.52,41.28,32.52,14.49,77.28,22.91,24.71,16.05,16.18,7.089,5.93,16.4441,14.52,121.25,119.05,121.51,104.2,121.4,83.62,104.65,82.86,38.2,25.45,109.48,123.65,87.11,70.45
2019-02-01,270.06,71.88,64.89,66.67,90.75,54.55,26.05,107.19,53.22,53.51,45.97,36.59,15.66,93.04,24.8,24.43,16.24,16.6,7.4502,6.09,17.32,14.92,124.5,127.65,120.96,104.1,121.37,83.58,104.94,84.61,39.7583,25.39,109.42,126.9,87.21,72.49
2019-03-01,280.42,76.41,66.45,71.34,92.95,57.13,26.69,111.1,54.24,54.98,46.28,38.62,15.78,93.28,26.86,25.08,15.76,16.25,7.45,5.34,18.26,14.2,121.88,146.095,118.66,103.57,121.05,83.54,104.59,84.71,40.225,25.74,108.46,128.03,85.19,70.79
2019-04-01,285.83,76.58,66.99,75.01,91.89,57.77,26.34,115.1,55.92,56.33,47.48,38.93,16.05,102.56,29.74,23.78,15.43,15.95,7.37,5.34,18.2998,14.15,121.53,135.0,124.37,105.72,122.5,83.87,105.71,86.26,40.35,26.01,106.92,127.2,85.63,71.13
2019-05-01,291.81,77.5,64.79,78.51,89.1,58.11,27.79,118.61,57.0,56.41,49.81,40.6,16.04,105.76,32.7,22.62,15.3,15.02,7.1,5.01,17.48,13.75,120.4,127.49,123.9,105.64,122.55,83.88,105.8,86.62,40.59,26.2,106.69,126.51,85.52,70.07
2019-06-03,274.57,72.54,59.52,70.63,87.49,58.83,26.18,110.01,56.31,54.41,45.61,38.91,15.08,87.92,27.9,20.59,16.64,15.48,7.07,5.78,16.62,13.87,125.11,125.29,132.44,109.22,125.11,84.55,107.02,88.06,39.8,26.18,107.12,122.86,88.24,69.72
2019-07-01,295.66,77.49,63.77,79.28,93.1,59.48,27.93,120.25,58.42,58.95,49.62,42.02,15.72,98.24,31.54,19.45,16.1,15.48,7.0704,5.65,16.77,14.18,130.62,146.27,132.24,109.69,125.44,84.57,107.29,89.66,40.8,26.16,107.45,122.57,87.81,69.6
2019-08-01,294.84,76.31,61.28,80.36,91.26,60.16,27.61,119.08,59.22,58.01,50.54,41.11,15.12,90.48,29.6011,18.85,15.67,14.92,6.94,5.23,16.46,15.34,136.41,134.8353,135.26,110.92,126.05,84.66,107.81,90.21,40.65,26.65,105.53,117.85,88.71,68.02
2019-09-02,292.45,75.76,57.48,79.53,90.6,62.58,26.92,119.58,60.72,56.69,49.53,42.05,14.83,91.68,27.95,19.77,14.75,14.96,6.49,4.96,16.0,17.15,143.75,144.31,147.28,114.01,127.75,85.08,108.5,91.89,40.94,26.87,104.5,117.9643,89.55,67.37
2019-10-01,293.24,75.77,57.83,79.78,89.25,64.59,27.41,119.69,61.26,56.83,49.02,43.47,15.03,89.52,29.2707,19.65,15.3,15.67,6.745,5.32,16.085,16.15,139.63,156.5946,143.26,112.61,126.9,84.78,108.09,91.2,40.66,27.01,103.91,119.34,88.29,67.04
2019-11-01,306.14,80.22,59.28,84.67,94.87,64.09,29.12,121.65,61.15,59.01,50.95,46.07,15.61,93.52,31.54,21.35,15.1013,15.785,6.61,5.49,16.665,16.92,142.56,170.3088,140.56,112.13,126.61,84.76,108.12,91.35,40.64,26.58,106.03,125.49,87.89,69.1391
2019-12-02,311.64,80.69,58.89,86.9,99.05,62.64,29.96,121.44,62.14,59.44,52.06,45.3,15.29,93.36,30.05,17.96,14.55,14.87,6.65,5.63,16.62,15.8,137.79,174.61,138.31,111.01,125.97,84.61,107.85,90.92,40.42,26.8,105.14,125.55,87.25,68.26
2020-01-01,321.86,81.47,60.04,91.67,101.86,64.62,30.78,125.42,62.98,61.42,53.63,45.51,15.95,102.48,32.3615,16.86,14.8,15.83,7.02,5.85,17.54,16.68,142.9,183.26,135.48,110.22,125.75,84.63,108.06,91.33,41.1,25.97,106.3,128.43,87.43,70.1701
2020-02-03,324.12,81.08,52.74,96.59,100.04,69.2,30.17,126.21,63.18,58.84,54.55,47.28,14.31,83.92,27.8261,14.21,14.35,14.61,7.385,5.71,15.7548,16.5,148.36,220.71,145.54,113.79,127.73,84.96,108.61,93.01,40.89,26.41,104.7,125.96,87.35,66.91
2020-03-02,309.09,75.65,47.1,93.48,96.95,65.84,27.95,119.81,61.09,54.98,52.52,44.19,13.92,79.36,26.99,13.58,14.01,14.763,7.085,5.43,16.3501,15.56,149.2,236.0284,153.94,117.04,129.92,85.57,109.55,93.76,40.44,26.39,105.36,123.77,87.5,65.2326
2020-04-01,246.15,56.35,27.62,76.54,85.21,52.08,19.55,93.7,53.55,43.01,42.48,27.34,10.93,35.04,9.59,12.01,12.64,13.75,5.21,5.62,13.57,13.02,149.45,205.78,167.04,121.83,133.28,86.62,109.82,86.25,34.39,27.0,103.53,120.11,88.53,60.77
2020-05-01,282.79,62.27,35.85,88.9,97.83,55.88,22.06,112.24,57.62,50.79,49.58,35.37,10.76,18.86,12.32,13.01,11.96,13.74,5.47,5.31,14.55,13.92,159.78,178.92,167.95,121.71,133.22,86.6,110.83,90.78,36.27,26.82,103.72,121.17,88.71,64.12
2020-06-01,305.55,67.82,39.44,97.94,101.99,60.4,23.68,125.37,59.64,55.83,54.64,42.24,11.85,26.22,16.92,10.99,12.04,13.64,5.47,5.31,15.59,17.1,163.66,186.57,162.28,121.77,133.48,86.58,110.99,93.37,38.22,26.45,105.14,121.04,88.06,67.89
2020-07-01,310.52,68.39,36.93,104.66,100.84,57.75,22.94,129.0,58.69,56.47,55.38,43.25,12.41,28.35,19.1,9.89,12.67,14.28,5.8686,5.11,17.11,16.82,166.62,180.99,163.42,121.57,133.43,86.52,110.55,95.12,38.18,26.26,106.15,120.84,88.1,69.0755
2020-08-03,328.79,72.03,36.16,113.15,106.62,60.17,24.1,136.71,62.53,60.02,58.18,50.27,13.07,29.34,19.29,12.0,11.77,14.26,6.04,5.315,18.29,22.74,185.64,197.345,169.95,122.64,133.94,86.58,110.69,96.79,39.84,25.28,110.88,126.6,89.36,71.1094
2020-09-01,352.6,78.6,35.41,125.91,107.29,58.57,25.13,151.66,65.65,64.76,63.78,53.9,13.56,30.61,20.47,13.5,12.63,15.11,6.01,5.63,18.7276,26.14,185.05,213.8,163.86,121.82,133.6,86.49,110.52,96.4,39.99,24.95,112.22,129.51,89.31,73.56
2020-10-01,337.04,76.75,29.03,117.93,105.12,59.98,24.11,148.9,64.46,62.74,60.25,54.69,12.9,27.51,19.52,11.23,13.24,15.9,6.12,5.66,17.86,22.09,178.7,218.65,163.36,121.81,133.52,86.45,110.2,95.85,39.41,25.31,110.59,124.64,89.59,71.72
2020-11-02,330.2,77.92,29.7,111.14,103.49,63.75,24.31,143.99,63.25,65.28,59.17,53.8,12.88,26.26,18.2,12.25,13.31,16.09,6.27,5.88,19.05,22.41,177.91,207.8319,158.58,120.19,132.84,86.39,110.12,95.45,39.41,25.4,109.47,124.91,90.21,70.32
2020-12-01,366.02,87.81,36.93,125.06,110.66,63.28,28.31,158.43,67.5,71.77,66.6,56.91,13.9,30.62,20.9033,10.43,13.97,17.64,6.42,5.64,21.72,22.3,170.18,225.52,157.5,119.67,132.64,86.33,109.9,96.72,40.7,24.6,113.48,129.7776,90.575,73.4412
2021-01-01,373.88,88.55,37.9,130.02,113.44,62.7,29.48,160.78,67.45,72.39,67.48,57.64,14.7,33.01,24.31,9.2,15.58,19.47,6.75,6.19,21.732,24.57,178.36,229.563,157.73,119.95,132.98,86.38,110.13,97.14,41.26,24.24,114.74,132.12,91.46,76.83
2021-02-01,376.23,85.65,39.6,132.16,115.47,62.45,29.33,166.22,64.15,71.47,68.13,61.24,15.48,36.12,27.42,10.32,16.96,20.26,7.015,6.22,21.91,26.76,174.23,210.7617,152.0,118.71,132.62,86.38,110.13,96.28,41.08,24.54,113.13,131.9579,89.9,75.89
2021-03-01,389.58,92.93,49.4,134.9,114.08,59.65,33.32,164.93,63.94,75.41,73.4,63.35,16.59,40.6,31.14,10.37,17.0,20.93,7.425,6.23,25.37,24.6,161.53,220.99,141.06,115.56,131.03,86.29,109.23,94.66,41.26,24.54,112.97,134.45,88.35,77.3787
2021-04-01,400.61,98.78,50.31,135.48,116.39,63.98,34.47,169.42,67.98,79.49,74.58,71.59,16.89,41.84,32.2,9.7,17.34,21.25,6.9905,5.92,24.76,23.15,161.98,249.98,137.51,113.36,129.96,86.23,108.19,93.14,41.1,25.01,110.36,133.5321,85.22,75.8
2021-05-03,418.2,102.98,50.75,139.31,122.71,66.71,36.44,178.07,70.15,84.28,77.64,77.04,18.11,43.98,33.6,10.63,20.75,22.9,7.96,6.98,27.93,24.96,167.81,277.6,138.52,114.11,130.46,86.26,108.69,93.82,41.22,24.47,112.95,134.2005,86.35,77.22
2021-06-01,419.67,105.53,54.22,137.72,121.57,64.76,38.22,172.51,70.57,88.48,78.84,75.01,18.93,46.33,34.9,10.92,21.12,23.82,8.42,6.85,28.7,25.84,177.9,268.325,138.21,114.3,130.7,86.29,108.22,94.07,41.17,24.18,114.34,136.54,86.02,77.16
2021-07-01,430.43,103.13,54.81,147.91,127.07,63.92,36.98,179.56,69.76,82.76,81.57,74.29,19.32,50.62,36.12,12.79,21.35,23.76,8.47,6.64,25.98,24.11,166.2,258.08,144.17,115.33,130.39,86.13,108.05,94.83,41.63,24.9,110.74,132.6501,84.37,74.23
2021-08-02,437.59,102.65,49.02,152.85,132.33,66.48,36.53,180.95,71.21,83.0,82.21,75.29,19.29,49.18,36.69,13.86,20.61,23.2,8.64,7.18,27.14,23.53,169.61,249.8954,150.67,118.15,131.93,86.31,108.73,96.13,41.41,24.74,110.86,133.8889,86.11,73.1488
2021-09-01,451.8,104.11,47.69,158.9,135.25,69.44,38.18,183.64,72.64,85.39,86.05,78.61,19.09,47.93,36.06,16.1,19.71,22.3,9.64,6.98,26.18,22.37,169.7,228.3,148.89,117.14,131.27,86.23,108.5,95.49,41.6,24.84,110.47,132.68,85.52,73.14
2021-10-01,434.24,99.18,53.84,151.57,127.33,63.88,38.15,180.8,69.02,80.37,81.46,72.01,20.45,53.26,39.39,19.28,20.51,21.88,9.515,7.33,25.74,20.83,164.59,179.61,145.35,115.61,130.42,86.18,108.28,94.67,41.37,25.26,108.08,130.53,84.61,72.16
2021-11-01,460.04,104.78,58.46,161.29,133.66,67.15,40.28,204.84,71.36,85.32,80.43,78.52,21.51,57.53,43.3,17.39,21.6603,21.7605,9.39,7.76,26.86,22.23,167.52,191.71,146.44,114.54,128.99,85.8,107.86,93.63,41.07,25.17,108.06,131.45,82.38,74.6687
2021-12-01,450.5,99.37,54.01,166.41,129.5,65.89,37.54,200.75,69.95,83.79,73.63,80.13,19.31,47.04,35.75,13.91,21.07,21.26,8.95,7.56,25.68,20.57,166.16,161.78,152.34,115.93,129.38,85.75,107.59,93.25,40.46,25.77,105.22,127.67,83.26,70.44
2022-01-03,477.71,104.94,57.22,175.52,139.44,70.87,39.53,210.31,77.1,89.43,78.22,84.1,20.86,54.83,41.57,12.77,21.5,23.06,9.2,7.27,26.96,21.18,168.33,169.33,144.3,113.93,128.13,85.44,107.0,92.17,41.16,25.79,104.99,129.65,81.3,71.3
2022-02-01,452.95,102.13,68.27,162.39,131.58,68.33,39.6,186.07,75.9,85.75,74.59,74.44,22.51,62.53,47.53,17.1,22.89,25.439,8.9701,7.39,27.04,20.94,168.23,219.2108,141.72,112.31,126.66,84.92,105.7,90.35,40.05,25.8,104.67,130.0805,81.75,70.68
2022-03-01,429.98,98.4,71.29,150.99,129.24,67.34,37.1,174.74,74.46,81.46,67.59,69.14,24.83,71.82,54.66,16.11,25.63,27.52,9.05,9.41,27.82,23.54,181.62,239.34,141.3,113.11,126.92,84.73,104.95,89.19,39.24,26.08,103.39,128.1738,81.68,71.9471
2022-04-01,452.92,102.18,77.06,158.46,138.07,75.5,38.22,185.23,76.65,89.08,69.29,63.71,26.23,74.17,55.93,19.92,27.06,26.46,9.56,9.69,28.65,22.74,179.5,211.93,132.38,106.65,121.33,83.14,101.26,85.71,38.67,26.34,102.49,126.0841,76.435,74.3985
2022-05-02,414.48,95.34,76.35,143.57,129.48,70.53,34.52,165.26,76.62,84.77,60.69,62.64,27.95,78.38,62.75,26.0,29.63,28.1,9.47,10.53,25.9,20.87,173.63,205.77,117.18,101.92,119.02,82.85,97.44,81.02,36.88,27.71,97.32,120.0346,71.915,69.92
2022-06-01,409.59,94.12,88.62,140.03,130.33,74.21,34.9,152.93,73.5,85.17,59.49,61.79,28.94,85.54,75.85,29.79,27.47,28.2,9.82,10.49,26.23,20.13,172.23,185.1455,116.22,102.61,119.68,83.13,98.42,81.84,37.2,27.42,98.6,119.9905,71.94,71.1062
2022-07-01,381.24,88.1,72.58,127.41,129.68,71.85,31.88,140.01,73.22,74.12,54.82,56.56,26.77,81.67,70.26,19.31,24.61,26.03,9.12,8.63,21.82,18.31,168.32,181.09,115.82,103.24,120.21,82.96,98.01,80.7,34.75,28.05,96.46,116.1884,69.2,67.55
2022-08-01,410.77,95.74,76.8,143.91,131.42,74.03,33.43,163.64,75.42,77.5,56.29,64.43,25.58,75.13,60.15,28.5,24.65,26.32,8.74,8.36,21.33,18.79,165.03,203.3429,120.04,105.6,121.3,82.96,100.53,82.71,36.55,28.18,94.8,117.71,71.08,69.55
2022-09-01,396.42,93.06,78.52,134.6,126.81,75.41,33.15,156.93,73.52,74.42,54.88,59.78,25.17,70.95,51.7,31.74,26.43,26.33,8.88,8.16,20.5,16.38,157.87,185.7884,109.6,99.96,117.33,82.13,96.04,79.14,35.1,29.37,91.84,110.89,66.66,67.1819
2022-10-03,366.61,85.34,76.09,122.46,123.6,67.43,31.18,142.59,67.88,70.22,49.23,56.85,24.45,67.89,55.99,22.46,27.13,26.23,8.69,9.13,20.54,19.1,158.43,205.78,103.83,96.94,114.9,81.28,92.22,76.48,33.83,30.01,90.73,108.72,64.6,64.475
2022-11-01,384.52,94.26,90.87,126.8,132.83,67.04,34.07,142.57,72.51,74.27,47.9,58.09,25.5,73.12,61.54,18.84,27.73,27.36,8.89,9.14,20.95,18.05,153.46,174.34,96.77,94.19,113.21,80.78,90.35,75.15,34.47,30.02,91.19,110.27,63.04,63.3235
2022-12-01,407.38,101.75,90.85,136.15,139.42,71.37,36.1,146.15,76.84,82.85,51.81,63.06,25.36,70.45,56.6,20.87,26.18,27.05,9.42,7.9,22.9,20.98,167.84,180.44,105.76,98.48,116.43,81.43,94.37,79.14,35.34,28.26,97.1,117.6,68.99,67.404
2023-01-02,382.43,98.21,87.47,124.44,135.85,70.5,34.2,129.16,74.55,77.68,47.99,60.32,24.65,70.11,59.94,14.1,26.93,28.5,9.53,7.98,23.09,22.02,169.64,165.11,99.56,95.78,114.89,81.17,92.75,77.51,34.53,27.81,98.8,116.14,71.1,67.4
2023-02-01,410.8,102.59,88.16,139.16,133.99,69.21,36.56,151.52,74.33,85.21,55.73,70.89,24.4,67.36,59.18,8.5,26.69,28.04,10.22,7.72,25.44,22.08,181.67,155.74,108.18,99.71,117.73,81.79,96.45,81.22,35.94,27.25,101.4,118.8478,72.39,70.5755
2023-03-01,394.74,101.37,85.34,135.52,126.96,63.93,35.6,143.71,71.5,82.47,53.09,66.96,24.17,68.07,59.57,9.3,25.19,27.7,10.6,7.2,25.39,19.29,170.76,133.05,100.37,94.8,113.79,80.68,92.07,77.27,34.7,28.27,98.38,115.49,68.41,66.75
2023-04-03,410.95,101.36,86.58,150.77,130.91,67.23,32.21,148.17,75.1,81.17,58.21,67.84,24.13,70.27,62.72,6.71,25.27,27.4395,11.59,7.13,24.77,22.06,184.54,134.96,106.6,99.39,117.8,82.08,94.9,80.47,35.35,27.75,100.64,119.36,70.35,67.2
